0.03333,MOT_mc_speaker_00,l1,,
0.03333,MOT_control_all,mix3_1,,
0.03333,MOT_all,mix3_cut1,,
0.03333,MOT_mc_bg_black_00,b80,,
1.5665099999999998,1,1-2,,,
1.5665099999999998,2,1-2,,,
1.5665099999999998,3,1-2,,,
1.5665099999999998,4,1-2,,,
1.5665099999999998,5,1-2,,,
2.03313,1,2-3,,,
2.03313,2,2-3,,,
2.03313,3,2-3,,,
2.03313,4,2-3,,,
2.03313,5,2-3,,,
2.3997599999999997,1,j3-4,,,
2.3997599999999997,2,j3-4,,,
2.3997599999999997,3,j3-4,,,
2.3997599999999997,4,j3-4,,,
2.3997599999999997,5,j3-4,,,
2.63307,MOT_mc_stage_color_00,r-flash,,
2.6997299999999997,MOT_mc_light_up_00,l1,,
2.6997299999999997,MOT_mc_light_center_00,l1,,
2.6997299999999997,MOT_mc_light_under_00,l1,,
2.6997299999999997,MOT_mc_special_01,l1,,
2.6997299999999997,MOT_mc_bg_black_00,b45-65,,
3.39966,1,4-1,,,
3.39966,2,4-1,,,
3.39966,3,4-1,,,
3.39966,4,4-1,,,
3.39966,5,4-1,,,
3.39966,MOT_mc_special_03,j1-2,,
3.63297,MOT_mc_bg_black_00,b65-45,,
3.6662999999999997,MOT_mc_stage_color_00,r-flash,,
3.69963,1,lp1,,,
3.69963,2,lp1,,,
3.69963,3,lp1,,,
3.69963,4,lp1,,,
3.69963,5,lp1,,,
3.69963,MOT_mc_special_03,lp2,,
5.26614,1,1-2,,,
5.26614,2,1-2,,,
5.26614,3,1-2,,,
5.26614,4,1-2,,,
5.26614,5,1-2,,,
5.26614,MOT_mc_special_03,j2-4,,
5.56611,1,lp2,,,
5.56611,2,lp2,,,
5.56611,3,lp2,,,
5.56611,4,lp2,,,
5.56611,5,lp2,,,
5.56611,MOT_mc_special_03,lp4,,
7.032629999999999,1,2-3,,,
7.032629999999999,2,2-3,,,
7.032629999999999,3,2-3,,,
7.032629999999999,4,2-3,,,
7.032629999999999,5,2-3,,,
7.032629999999999,MOT_mc_special_03,j4-2,,
7.332599999999999,1,lp3,,,
7.332599999999999,2,lp3,,,
7.332599999999999,3,lp3,,,
7.332599999999999,4,lp3,,,
7.332599999999999,5,lp3,,,
7.332599999999999,MOT_mc_special_03,lp2,,
8.865779999999999,1,3-4,,,
8.865779999999999,2,3-4,,,
8.865779999999999,3,3-4,,,
8.865779999999999,4,3-4,,,
8.865779999999999,5,3-4,,,
8.865779999999999,MOT_mc_special_03,j2-3,,
9.19908,1,sj4,,,
9.19908,2,sj4,,,
9.19908,3,sj4,,,
9.19908,4,sj4,,,
9.19908,5,sj4,,,
9.23241,MOT_mc_special_03,j2-3,,
9.49905,1,lp4,,,
9.49905,2,lp4,,,
9.49905,3,lp4,,,
9.49905,4,lp4,,,
9.49905,5,lp4,,,
9.53238,MOT_mc_special_03,lp4,,
10.56561,1,j4-1,,,
10.56561,2,j4-1,,,
10.56561,3,j4-1,,,
10.56561,4,j4-1,,,
10.56561,5,j4-1,,,
10.86558,MOT_mc_special_03,sj4,,
10.898909999999999,1,sj1,,,
10.898909999999999,2,sj1,,,
10.898909999999999,3,sj1,,,
10.898909999999999,4,sj1,,,
10.898909999999999,5,sj1,,,
11.23221,1,lp1,,,
11.23221,2,lp1,,,
11.23221,3,lp1,,,
11.23221,4,lp1,,,
11.23221,5,lp1,,,
11.23221,MOT_mc_special_03,lp4,,
12.46542,MOT_mc_special_03,j4-3,,
12.69873,1,j1-2,,,
12.76539,2,j1-2,,,
12.76539,3,j1-2,,,
12.832049999999999,4,j1-2,,,
12.832049999999999,5,j1-2,,,
12.832049999999999,MOT_mc_special_03,j3-1,,
13.132019999999999,1,lp2,,,
13.132019999999999,2,lp2,,,
13.132019999999999,3,lp2,,,
13.132019999999999,4,lp2,,,
13.132019999999999,5,lp2,,,
13.132019999999999,MOT_mc_special_03,j1-4,,
13.9986,1,hj2,,,
13.9986,2,hj2,,,
13.9986,3,hj2,,,
13.9986,4,hj2,,,
13.9986,5,hj2,,,
14.3319,MOT_mc_special_03,4-3,,
14.39856,MOT_mc_bg_black_00,b45-20,,
14.49855,MOT_mc_stage_color_00,b-flash,,
14.565209999999999,1,lp2,,,
14.565209999999999,2,lp2,,,
14.565209999999999,3,lp2,,,
14.565209999999999,4,lp2,,,
14.565209999999999,5,lp2,,,
15.03183,2,j2-3,,,
15.03183,3,j2-3,,,
15.49845,1,j2-3,,,
15.49845,4,j2-3,,,
15.49845,5,j2-3,,,
15.63177,MOT_mc_special_03,3-4,,
15.93174,1,lp3,,,
15.93174,2,lp3,,,
15.93174,3,lp3,,,
15.93174,4,lp3,,,
15.93174,5,lp3,,,
16.79832,1,sp3-4,,,
16.89831,2,sp3-4,,,
16.89831,3,sp3-4,,,
16.96497,MOT_mc_special_03,4-1,,
16.9983,4,sp3-4,,,
16.9983,5,sp3-4,,,
17.26494,MOT_mc_special_03,sp1-2,,
17.731559999999998,1,j4-1,,,
17.731559999999998,2,j4-1,,,
17.731559999999998,3,j4-1,,,
17.731559999999998,4,j4-1,,,
17.731559999999998,5,j4-1,,,
17.89821,MOT_mc_special_03,sj2,,
18.13152,1,sj1,,,
18.164849999999998,MOT_mc_stage_color_00,b-flash,,
18.164849999999998,MOT_mc_bg_black_00,b20-0,,
18.23151,MOT_mc_light_up_00,l3,,
18.23151,MOT_mc_light_center_00,l3,,
18.23151,MOT_mc_light_under_00,l2_red,,
18.23151,MOT_mc_speaker_00,l2,,
18.23151,MOT_mc_back_00,l2,,
18.23151,MOT_mc_special_01,l1,,
18.23151,2,sj1,,,
18.23151,3,sj1,,,
18.26484,MOT_mc_special_03,lp2,,
18.3315,5,sj1,,,
18.3315,4,sj1,,,
18.63147,1,w1,,,
18.73146,3,w1,,,
18.73146,2,w1,,,
18.764789999999998,1,lp1,,,
18.764789999999998,2,lp1,,,
18.764789999999998,3,lp1,,,
18.764789999999998,4,lp1,,,
18.764789999999998,5,lp1,,,
18.86478,MOT_mc_special_03,2-1,,
19.164749999999998,1,1-2,,,
19.164749999999998,2,1-2,,,
19.164749999999998,3,1-2,,,
19.164749999999998,4,1-2,,,
19.164749999999998,5,1-2,,,
19.198079999999997,MOT_mc_special_03,lp1,,
19.598039999999997,1,2-3,l1,,
19.598039999999997,4,2-3,l1,,
19.598039999999997,5,2-3,l1,,
20.09799,2,w2,,,
20.09799,3,2-3,l1,,
20.09799,2,2-3,l1,,
20.53128,5,w3,,,
20.53128,4,w3,,,
20.53128,1,w3,,,
20.56461,1,3-4,l2,,
20.56461,4,3-4,l2,,
20.56461,5,3-4,l2,,
20.997899999999998,3,3-4,l2,,
20.997899999999998,2,3-4,l2,,
21.49785,5,w4,,,
21.49785,4,w4,,,
21.49785,1,j4-1,,,
21.49785,2,j4-1,,,
21.49785,3,j4-1,,,
21.49785,4,j4-1,,,
21.49785,5,j4-1,,,
21.89781,1,sp1-2,,,
21.89781,2,sp1-2,,,
21.89781,3,sp1-2,,,
21.89781,4,sp1-2,,,
21.89781,5,sp1-2,,,
22.73106,MOT_mc_stage_color_00,b-flash,,
22.831049999999998,1,j2-3,,,
22.831049999999998,2,j2-3,,,
22.831049999999998,3,j2-3,,,
22.831049999999998,4,j2-3,,,
22.831049999999998,5,j2-3,,,
23.39766,1,3-4,lb1,,
23.39766,4,3-4,lb1,,
23.39766,5,3-4,lb1,,
23.864279999999997,2,3-4,lb1,,
23.864279999999997,3,3-4,lb1,,
24.3309,5,w4,,,
24.3309,4,w4,,,
24.3309,1,w4,,,
24.36423,1,4-1,lb0,,
24.36423,4,4-1,lb0,,
24.36423,5,4-1,lb0,,
24.79752,3,w4,,,
24.79752,2,4-1,lb0,,
24.79752,3,4-1,lb0,,
25.13082,1,1-2,,,
25.13082,2,1-2,,,
25.13082,3,1-2,,,
25.13082,4,1-2,,,
25.13082,5,1-2,,,
25.464119999999998,1,sj2,,,
25.464119999999998,2,sj2,,,
25.464119999999998,3,sj2,,,
25.464119999999998,4,sj2,,,
25.464119999999998,5,sj2,,,
25.897409999999997,MOT_mc_special_03,1-3,,
25.96407,5,w2,,,
25.96407,4,w2,,,
25.96407,3,w2,,,
25.96407,2,w2,,,
25.96407,1,j2-3,,,
25.96407,2,j2-3,,,
25.96407,3,j2-3,,,
25.96407,4,j2-3,,,
25.96407,5,j2-3,,,
26.297369999999997,MOT_mc_special_03,lp3,,
26.39736,1,lp3,,,
26.39736,2,lp3,,,
26.39736,3,lp3,,,
26.39736,4,lp3,,,
26.39736,5,lp3,,,
26.863979999999998,2,sj3,,,
26.863979999999998,3,sj3,,,
26.93064,MOT_mc_special_03,j3-4,,
27.19728,2,3-4,,,
27.19728,3,3-4,,,
27.43059,MOT_mc_special_03,lp4,,
27.863879999999998,1,sj3,,,
27.863879999999998,4,sj3,,,
27.863879999999998,5,sj3,,,
28.130519999999997,3,w4,,,
28.130519999999997,2,w4,,,
28.297169999999998,1,j3-4,,,
28.297169999999998,2,j4-1,,,
28.297169999999998,3,j4-1,,,
28.297169999999998,4,j3-4,,,
28.297169999999998,5,j3-4,,,
28.297169999999998,MOT_mc_special_03,j4-1,,
28.697129999999998,2,1-2,,b-1,
28.697129999999998,3,1-2,,b-1,
28.697129999999998,MOT_mc_special_03,sj1,,
29.130419999999997,1,4-1,,b-1,
29.130419999999997,4,4-1,,b-1,
29.130419999999997,5,4-1,,b-1,
29.63037,3,w2,,,
29.63037,2,w2,,,
29.79702,1,1-2,,,
29.79702,2,2-3,r1,,
29.79702,3,2-3,l1,,
30.06366,5,w1,,,
30.06366,4,w1,,,
30.46362,1,j2-3,,,
30.46362,2,j3-4,,,
30.46362,3,j3-4,,,
30.46362,4,j1-2,,,
30.46362,5,j1-2,,,
30.59694,MOT_mc_special_03,1-2,,
31.03023,MOT_mc_special_03,lp2,,
31.09689,5,2-3,l1,,
31.09689,4,2-3,r1,,
31.530179999999998,3,w4,,,
31.530179999999998,2,w4,,,
31.530179999999998,1,3-4,,,
31.530179999999998,2,4-1,rb0,,
31.530179999999998,3,4-1,lb0,,
31.89681,1,4-1,,,
31.89681,2,1-2,,,
31.89681,3,1-2,,,
31.89681,4,3-4,,,
31.89681,5,3-4,,,
32.230109999999996,5,lp4,lb0,,
32.230109999999996,4,lp4,rb0,,
32.230109999999996,1,lp1,,,
32.230109999999996,2,lp2,,,
32.230109999999996,3,lp2,,,
33.23001,1,j1-2,,,
33.23001,2,j2-3,,,
33.23001,3,j2-3,,,
33.23001,4,j4-1,,,
33.23001,5,j4-1,,,
33.23001,MOT_mc_special_03,2-3,,
33.59664,MOT_mc_stage_color_00,r-flash,,
33.62997,1,sj2,,,
33.69663,MOT_mc_special_03,lp3,,
33.72996,2,sj3,,,
33.72996,3,sj3,,,
33.82995,5,sj1,,,
33.82995,4,sj1,,,
34.12992,1,w2,,,
34.22991,3,w3,,,
34.22991,2,w3,,,
34.296569999999996,1,lp2,,,
34.296569999999996,2,lp3,,,
34.296569999999996,3,lp3,,,
34.296569999999996,4,lp1,,,
34.296569999999996,5,lp1,,,
35.096489999999996,1,2-3,l1,,
35.096489999999996,4,1-2,l1,,
35.096489999999996,5,1-2,l1,,
35.36313,MOT_mc_special_03,3-4,,
35.59644,3,3-4,l1,,
35.59644,2,3-4,l1,,
35.72976,MOT_mc_special_03,lp4,,
36.02973,5,w2,,,
36.02973,4,w2,,,
36.02973,1,w3,,,
36.06306,1,3-4,l2,,
36.06306,4,2-3,l2,,
36.06306,5,2-3,l2,,
36.49635,3,4-1,l2,,
36.49635,2,4-1,l2,,
36.729659999999996,MOT_mc_special_03,sj4,,
36.9963,5,w3,,,
36.9963,4,w3,,,
36.9963,1,j4-1,,,
36.9963,2,j1-2,,,
36.9963,3,j1-2,,,
36.9963,4,j3-4,,,
36.9963,5,j3-4,,,
37.096289999999996,MOT_mc_special_03,lp4,,
37.39626,1,sp1-2,,,
37.39626,2,sp2-3,,,
37.39626,3,sp2-3,,,
37.39626,4,sp4-1,,,
37.39626,5,sp4-1,,,
38.329499999999996,1,j2-3,,,
38.329499999999996,2,j3-4,,,
38.329499999999996,3,j3-4,,,
38.329499999999996,4,j1-2,,,
38.329499999999996,5,j1-2,,,
38.46282,MOT_mc_special_03,hj4,,
38.89611,1,3-4,lb1,,
38.89611,4,2-3,lb1,,
38.89611,5,2-3,lb1,,
39.36273,2,4-1,lb1,,
39.36273,3,4-1,lb1,,
39.82935,5,w3,,,
39.82935,4,w3,,,
39.82935,1,w4,,,
39.86268,1,4-1,lb0,,
39.86268,4,3-4,lb0,,
39.86268,5,3-4,lb0,,
40.19598,MOT_mc_special_03,4-2,,
40.29597,3,w1,,,
40.29597,2,1-2,lb0,,
40.29597,3,1-2,lb0,,
40.56261,MOT_mc_special_03,lp2,,
40.62927,1,1-2,,,
40.62927,2,2-3,,,
40.62927,3,2-3,,,
40.62927,4,4-1,,,
40.62927,5,4-1,,,
40.92924,MOT_mc_stage_color_00,r-flash,,
40.96257,1,sj2,,,
40.96257,2,sj3,,,
40.96257,3,sj3,,,
40.96257,4,sj1,,,
40.96257,5,sj1,,,
41.36253,1,lp2,,,
41.36253,2,lp3,,,
41.36253,3,lp3,,,
41.36253,4,lp1,,,
41.36253,5,lp1,,,
41.46252,MOT_mc_special_03,j2-3,,
41.89581,MOT_mc_special_03,lp3,,
42.362429999999996,2,sj3,,,
42.362429999999996,3,sj3,,,
42.69573,2,3-4,,,
42.69573,3,3-4,,,
42.862379999999995,MOT_mc_special_03,j3-4,,
43.262339999999995,MOT_mc_special_03,lp4,,
43.36233,1,sj2,,,
43.36233,4,sj1,,,
43.36233,5,sj1,,,
43.628969999999995,3,w4,,,
43.628969999999995,2,w4,,,
43.79562,1,j2-3,,,
43.79562,2,j4-1,,,
43.79562,3,j4-1,,,
43.79562,4,j1-2,,,
43.79562,5,j1-2,,,
44.19558,2,1-2,,,
44.19558,3,1-2,,,
44.62887,1,3-4,,,
44.62887,4,2-3,,,
44.62887,5,2-3,,,
44.62887,MOT_mc_special_03,sj4,,
45.02883,1,4-1,,,
45.02883,2,2-3,,,
45.02883,3,2-3,,,
45.02883,4,3-4,,,
45.02883,5,3-4,,,
45.46212,1,lp1,,,
45.46212,2,lp3,,,
45.46212,3,lp3,,,
45.46212,4,lp4,,,
45.46212,5,lp4,,,
46.26204,1,hj1,,,
46.26204,2,hj3,,,
46.26204,3,hj3,,,
46.26204,4,hj4,,,
46.26204,5,hj4,,,
46.861979999999996,1,j1-2,,,
46.861979999999996,2,j3-4,,,
46.861979999999996,3,j3-4,,,
46.861979999999996,4,j4-1,,,
46.861979999999996,5,j4-1,,,
47.16195,MOT_mc_stage_color_00,y-flash,,
47.228609999999996,MOT_mc_light_up_00,l1,,
47.228609999999996,MOT_mc_light_center_00,l1,,
47.228609999999996,MOT_mc_light_under_00,l2,,
47.228609999999996,MOT_mc_speaker_00,l2,,
47.228609999999996,MOT_mc_back_00,l2,,
47.228609999999996,MOT_mc_special_01,l1,,
47.228609999999996,MOT_mc_bg_black_00,b0-65,,
47.228609999999996,1,lp2,,,
47.228609999999996,2,lp4,,,
47.228609999999996,3,lp4,,,
47.228609999999996,4,lp1,,,
47.228609999999996,5,lp1,,,
47.328599999999994,MOT_mc_special_03,4-1,,
47.79522,MOT_mc_special_03,sj1,,
48.29517,MOT_mc_special_03,1-2,,
48.76179,MOT_mc_special_03,lp2,,
48.895109999999995,1,2-3,,,
48.895109999999995,2,4-1,,,
48.895109999999995,3,4-1,,,
48.895109999999995,4,1-2,,,
48.895109999999995,5,1-2,,,
49.22841,1,lp3,,,
49.22841,2,lp1,,,
49.22841,3,lp1,,,
49.22841,4,lp2,,,
49.22841,5,lp2,,,
49.82835,1,3-4,,,
49.82835,2,1-2,,,
49.82835,3,1-2,,,
49.82835,4,2-3,,,
49.82835,5,2-3,,,
50.128319999999995,1,lp4,,,
50.128319999999995,2,lp2,,,
50.128319999999995,3,lp2,,,
50.128319999999995,4,lp3,,,
50.128319999999995,5,lp3,,,
50.69493,1,j4-1,,,
50.69493,2,j2-3,,,
50.69493,3,j2-3,,,
50.69493,4,j3-4,,,
50.69493,5,j3-4,,,
51.02823,1,lp1,,,
51.02823,2,lp3,,,
51.02823,3,lp3,,,
51.02823,4,lp4,,,
51.02823,5,lp4,,,
51.52818,1,1-2,,,
51.52818,2,3-4,,,
51.52818,3,3-4,,,
51.52818,4,4-1,,,
51.52818,5,4-1,,,
51.82815,1,lp2,,,
51.82815,2,lp4,,,
51.82815,3,lp4,,,
51.82815,4,lp1,,,
51.82815,5,lp1,,,
52.3281,MOT_mc_special_03,2-3,,
52.76139,MOT_mc_special_03,sj3,,
53.16135,MOT_mc_special_03,sj3,,
53.56131,MOT_mc_special_03,3-2,,
53.9946,MOT_mc_special_03,lp2,,
54.29457,1,j2-3,,,
54.36123,2,j4-1,,,
54.36123,3,j4-1,,,
54.42789,4,j1-2,,,
54.42789,5,j1-2,,,
54.79452,1,j3-4,,,
54.86118,2,j1-2,,,
54.86118,3,j1-2,,,
54.927839999999996,4,j2-3,,,
54.927839999999996,5,j2-3,,,
55.19448,1,4-1,,,
55.19448,2,2-3,,,
55.19448,3,2-3,,,
55.19448,4,3-4,,,
55.19448,5,3-4,,,
55.461119999999994,1,1-2,,,
55.461119999999994,2,3-4,,,
55.461119999999994,3,3-4,,,
55.461119999999994,4,4-1,,,
55.461119999999994,5,4-1,,,
55.761089999999996,1,lp2,,,
55.761089999999996,2,lp4,,,
55.761089999999996,3,lp4,,,
55.761089999999996,4,lp1,,,
55.761089999999996,5,lp1,,,
56.194379999999995,3,j4-1,,,
56.194379999999995,2,j4-1,,,
56.46102,MOT_mc_special_03,2-4,,
56.52768,1,j2-3,,,
56.82765,MOT_mc_special_03,4-1,,
56.89431,1,3-4,,,
56.89431,2,1-2,,,
56.89431,3,1-2,,,
56.89431,4,1-2,,,
56.89431,5,1-2,,,
57.22761,1,lp4,,,
57.22761,2,lp2,,,
57.22761,3,lp2,,,
57.22761,4,lp2,,,
57.22761,5,lp2,,,
57.26094,MOT_mc_special_03,lp1,,
57.96087,1,4-1,,,
57.96087,2,2-3,,,
57.96087,3,2-3,,,
57.96087,4,2-3,,,
57.96087,5,2-3,,,
58.260839999999995,1,lp1,,,
58.260839999999995,2,lp3,,,
58.260839999999995,3,lp3,,,
58.260839999999995,4,lp3,,,
58.260839999999995,5,lp3,,,
58.82745,1,1-2,,,
58.82745,2,3-4,,,
58.82745,3,3-4,,,
58.82745,4,3-4,,,
58.82745,5,3-4,,,
59.12742,1,lp2,,,
59.12742,2,lp4,,,
59.12742,3,lp4,,,
59.12742,4,lp4,,,
59.12742,5,lp4,,,
59.72736,MOT_mc_special_03,j1-3,,
59.794019999999996,1,2-3,,,
59.794019999999996,2,4-1,,,
59.794019999999996,3,4-1,,,
59.794019999999996,4,4-1,,,
59.794019999999996,5,4-1,,,
60.02733,MOT_mc_stage_color_00,b-flash,,
60.09399,1,sp3-4,,,
60.09399,2,sp1-2,,,
60.09399,3,sp1-2,,,
60.09399,4,sp1-2,,,
60.09399,5,sp1-2,,,
60.16065,MOT_mc_special_03,j3-1,,
60.227309999999996,MOT_mc_stage_color_00,y-flash,,
60.42729,MOT_mc_stage_color_00,r-flash,,
60.627269999999996,MOT_mc_special_03,lp1,,
60.660599999999995,MOT_mc_stage_color_00,b-flash,,
60.79392,MOT_mc_stage_color_00,y-flash,,
60.92724,MOT_mc_stage_color_00,r-flash,,
61.093889999999995,MOT_mc_stage_color_00,b-flash,,
61.22721,MOT_mc_stage_color_00,y-flash,,
61.36053,MOT_mc_stage_color_00,r-flash,,
61.460519999999995,1,4-1,,,
61.460519999999995,2,2-3,,,
61.460519999999995,3,2-3,,,
61.460519999999995,4,2-3,,,
61.460519999999995,5,2-3,,,
61.460519999999995,MOT_mc_special_03,1-1,,
61.72716,MOT_mc_stage_color_00,b-flash,,
61.72716,MOT_mc_light_up_00,l1,,
61.72716,MOT_mc_light_center_00,l1,,
61.72716,MOT_mc_light_under_00,l1,,
61.72716,MOT_mc_speaker_00,stay,,
61.72716,MOT_mc_back_00,l1,,
61.72716,MOT_mc_special_01,stay,,
61.72716,MOT_mc_bg_black_00,b65-80,,
61.927139999999994,1,1-2,,,
61.927139999999994,2,3-4,,,
61.927139999999994,3,3-4,,,
61.927139999999994,4,3-4,,,
61.927139999999994,5,3-4,,,
62.293769999999995,1,lp2,,,
62.293769999999995,2,lp4,,,
62.293769999999995,3,lp4,,,
62.293769999999995,4,lp4,,,
62.293769999999995,5,lp4,,,
62.92704,1,2-3,,,
62.92704,2,4-1,,,
62.92704,3,4-1,,,
62.92704,4,4-1,,,
62.92704,5,4-1,,,
63.29367,1,j3-4,,,
63.29367,2,j1-2,,,
63.29367,3,j1-2,,,
63.29367,4,j1-2,,,
63.29367,5,j1-2,,,
63.59364,MOT_mc_stage_color_00,r-flash,,
63.6603,MOT_mc_light_up_00,l2,,
63.6603,MOT_mc_light_center_00,l2,,
63.6603,MOT_mc_light_under_00,l2_red,,
63.6603,MOT_mc_speaker_00,l1,,
63.6603,MOT_mc_back_00,l2,,
63.6603,MOT_mc_special_01,l1,,
63.6603,MOT_mc_bg_black_00,b80-45,,
63.6603,1,lp4,,,
63.6603,2,lp2,,,
63.6603,3,lp2,,,
63.6603,4,lp2,,,
63.6603,5,lp2,,,
63.6603,MOT_mc_special_03,1-3,,
63.893609999999995,4,2-3,,f0,
64.16024999999999,MOT_mc_special_03,lp3,,
64.26024,5,2-3,,f0,
64.62687,2,2-3,,f0,
64.62687,3,2-3,,f0,
64.82685,4,w3,,,
64.96016999999999,1,4-1,,f0,
65.19348,5,w3,,,
65.56011,3,w3,,,
65.56011,2,w3,,,
65.79342,4,j3-4,,,
65.79342,MOT_mc_special_03,3-4,,
65.89341,1,w1,,,
66.12671999999999,5,j3-4,,,
66.16005,MOT_mc_special_03,sj4,,
66.46002,2,j3-4,,,
66.46002,3,j3-4,,,
66.56000999999999,MOT_mc_special_03,4-1,,
66.79332,1,j1-2,,,
66.85998,4,w4,,,
66.92663999999999,MOT_mc_special_03,j1-2,,
67.19328,5,w4,,,
67.45992,4,4-1,,b-1,
67.45992,MOT_mc_special_03,lp2,,
67.52658,3,w4,,,
67.52658,2,w4,,,
67.82655,5,4-1,,b-1,
67.85988,1,w2,,,
68.12652,2,4-1,,b-1,
68.39316,4,w1,,,
68.42649,3,4-1,,b-1,
68.69313,1,2-3,,b-1,
68.75979,5,w1,,,
69.05976,2,w1,,,
69.32639999999999,1,,,f0,
69.32639999999999,MOT_mc_special_03,2-4,,
69.35973,3,w1,,,
69.62637,1,w3,,,
69.69303,MOT_mc_special_03,sj4,,
69.72636,2,,,f0,
69.72636,3,,,f0,
70.09299,4,j1-2,,f0,
70.09299,5,j1-2,,f0,
70.09299,MOT_mc_special_03,4-1,,
70.45962,1,hj3,,,
70.45962,2,hj1,,,
70.45962,3,hj1,,,
70.45962,4,hj2,,,
70.45962,5,hj2,,,
70.92623999999999,MOT_mc_special_03,j1-2,,
71.02623,MOT_mc_stage_color_00,b-flash,,
71.15955,2,j1-2,,,
71.15955,4,j2-3,,,
71.45952,MOT_mc_special_03,lp2,,
71.52618,3,j1-2,,,
71.52618,5,j2-3,,,
71.69283,1,w3,,,
71.89281,1,j3-4,,,
72.19278,1,j4-1,,,
72.19278,2,j2-3,,,
72.19278,3,j2-3,,,
72.22610999999999,4,w3,,,
72.59273999999999,5,w3,,,
72.59273999999999,4,j3-4,,,
72.59273999999999,5,j3-4,,,
72.9927,1,1-2,,,
72.9927,2,3-4,l1,,
72.9927,3,3-4,r1,,
72.9927,4,4-1,l1,,
72.9927,5,4-1,r1,,
72.9927,MOT_mc_special_03,2-3,,
73.35933,1,2-3,,,
73.35933,2,4-1,l2,,
73.35933,3,4-1,r2,,
73.35933,4,1-2,l2,,
73.35933,5,1-2,r2,,
73.45931999999999,MOT_mc_special_03,lp3,,
73.72596,2,,l3,,
73.72596,3,,r3,,
73.72596,4,,l3,,
73.72596,5,,r3,,
74.29257,5,w2,,,
74.29257,4,w2,,,
74.29257,3,w1,,,
74.29257,2,w1,,,
74.29257,1,w3,,,
74.49255,1,j3-4,,,
74.49255,2,j1-2,,,
74.49255,3,j1-2,,,
74.49255,4,j2-3,,,
74.49255,5,j2-3,,,
75.02583,2,,lb2,,
75.02583,3,,rb2,,
75.02583,4,,lb2,,
75.02583,5,,rb2,,
75.02583,1,4-1,,,
75.02583,2,2-3,,,
75.02583,3,2-3,,,
75.02583,4,3-4,,,
75.02583,5,3-4,,,
75.45912,2,,lb1,,
75.45912,3,,rb1,,
75.45912,4,,lb1,,
75.45912,5,,rb1,,
75.45912,MOT_mc_special_03,hj3,,
75.79241999999999,1,j1-2,,,
75.79241999999999,2,j3-4,,,
75.79241999999999,3,j3-4,,,
75.79241999999999,4,j4-1,,,
75.79241999999999,5,j4-1,,,
76.15905,1,sp2-3,,,
76.15905,2,sp4-1,,,
76.15905,3,sp4-1,,,
76.15905,4,sp1-2,,,
76.15905,5,sp1-2,,,
76.69233,MOT_mc_stage_color_00,r-flash,,
77.12562,MOT_mc_stage_color_00,y-flash,,
77.59223999999999,MOT_mc_stage_color_00,b-flash,,
78.02553,MOT_mc_stage_color_00,y-flash,,
78.22551,1,j3-4,,,
78.22551,4,j2-3,,,
78.22551,5,j2-3,,,
78.42549,MOT_mc_bg_black_00,b45-80,,
78.45882,MOT_mc_stage_color_00,b-flash,,
78.52548,MOT_mc_light_up_00,l1,,
78.52548,MOT_mc_light_center_00,l1,,
78.52548,MOT_mc_light_under_00,l1,,
78.52548,MOT_mc_speaker_00,stay,,
78.52548,MOT_mc_back_00,l1,,
78.52548,MOT_mc_special_01,stay,,
78.55881,2,j1-2,,,
78.55881,3,j1-2,,,
79.09209,1,4-1,,,
79.09209,2,2-3,,,
79.09209,3,2-3,,,
79.09209,4,3-4,,,
79.09209,5,3-4,,,
79.39206,1,hj1,,,
79.39206,2,hj3,,,
79.39206,3,hj3,,,
79.39206,4,hj4,,,
79.39206,5,hj4,,,
80.05866,1,1-2,,,
80.05866,2,3-4,,,
80.05866,3,3-4,,,
80.05866,4,4-1,,,
80.05866,5,4-1,,,
80.25864,MOT_mc_bg_black_00,b80-20,,
80.29196999999999,MOT_mc_stage_color_00,b-flash,,
80.35862999999999,MOT_mc_light_up_00,l3,,
80.35862999999999,MOT_mc_light_center_00,l3,,
80.35862999999999,MOT_mc_light_under_00,l2_red,,
80.35862999999999,MOT_mc_speaker_00,l2,,
80.35862999999999,MOT_mc_back_00,l2,,
80.35862999999999,MOT_mc_special_01,l1,,
80.39196,1,lp2,,,
80.39196,2,lp4,,,
80.39196,3,lp4,,,
80.39196,4,lp1,,,
80.39196,5,lp1,,,
80.42528999999999,1,lp2,,,
80.42528999999999,2,lp4,,,
80.42528999999999,3,lp4,,,
80.42528999999999,4,lp1,,,
80.42528999999999,5,lp1,,,
80.42528999999999,4,1-2,,f1,
80.42528999999999,5,1-2,,f1,
80.42528999999999,MOT_mc_special_03,3-1,,
80.92524,MOT_mc_special_03,lp1,,
81.05856,2,4-1,,f1,
81.05856,3,4-1,,f1,
81.35853,5,w2,,,
81.35853,4,w2,,,
81.49185,1,2-3,,f1,
81.49185,4,2-3,,,
81.49185,5,2-3,,,
81.85848,1,j3-4,,,
81.85848,2,j1-2,,,
81.85848,3,j1-2,,,
81.85848,4,j3-4,,,
81.85848,5,j3-4,,,
82.32509999999999,4,j4-1,,,
82.55841,5,j4-1,,,
82.55841,MOT_mc_special_03,1-4,,
82.92504,3,w2,,,
82.92504,2,w2,,,
82.92504,1,w4,,,
82.92504,MOT_mc_special_03,sj4,,
83.22501,2,j2-3,,,
83.22501,3,j2-3,,,
83.325,MOT_mc_special_03,4-1,,
83.39166,4,w1,,,
83.52498,1,j4-1,,,
83.62496999999999,5,w1,,,
83.69162999999999,MOT_mc_special_03,j1-2,,
84.22491,4,1-2,,b0,
84.22491,MOT_mc_special_03,lp2,,
84.29157,3,w3,,,
84.29157,2,w3,,,
84.59154,1,w1,,,
84.59154,5,1-2,,b0,
84.89151,2,3-4,,b0,
85.15814999999999,4,w2,,,
85.19148,3,3-4,,b0,
85.45812,1,1-2,,b0,
85.52477999999999,5,w2,,,
85.79142,1,2-3,,,
85.79142,2,4-1,,,
85.79142,3,4-1,,,
85.79142,4,2-3,,,
85.79142,5,2-3,,,
86.09138999999999,1,lp3,,,
86.09138999999999,2,lp1,,,
86.09138999999999,3,lp1,,,
86.09138999999999,4,lp3,,,
86.09138999999999,5,lp3,,,
86.09138999999999,MOT_mc_special_03,2-4,,
86.45801999999999,MOT_mc_special_03,sj4,,
86.85798,MOT_mc_special_03,4-1,,
86.89130999999999,1,3-4,,,
86.89130999999999,2,1-2,,,
86.89130999999999,3,1-2,,,
86.89130999999999,4,3-4,,,
86.89130999999999,5,3-4,,,
87.19127999999999,1,hj4,,,
87.19127999999999,2,hj2,,,
87.19127999999999,3,hj2,,,
87.19127999999999,4,hj4,,,
87.19127999999999,5,hj4,,,
87.22461,MOT_mc_special_03,j1-2,,
87.75788999999999,MOT_mc_special_03,lp2,,
87.92454,2,j2-3,,,
87.92454,4,j4-1,,,
87.92454,1,,,f1,
87.92454,2,,,f1,
87.92454,3,,,f1,
87.92454,4,,,f1,
87.92454,5,,,f1,
88.29117,3,j2-3,,,
88.29117,5,j4-1,,,
88.42448999999999,1,w4,,,
88.6578,1,j4-1,,,
88.95777,1,j1-2,,,
88.95777,2,j3-4,,,
88.95777,3,j3-4,,,
88.9911,4,w1,,,
89.29106999999999,4,j1-2,,,
89.29106999999999,5,j1-2,,,
89.62437,1,2-3,,,
89.62437,2,4-1,l2,,
89.62437,3,4-1,r2,,
89.62437,4,2-3,l2,,
89.62437,5,2-3,r2,,
89.75769,MOT_mc_special_03,2-3,,
89.95767,1,3-4,,,
89.95767,2,1-2,lb1,,
89.95767,3,1-2,rb1,,
89.95767,4,3-4,lb1,,
89.95767,5,3-4,rb1,,
90.22431,MOT_mc_special_03,lp3,,
90.3243,1,4-1,,,
90.3243,2,2-3,,,
90.3243,3,2-3,,,
90.3243,4,4-1,,,
90.3243,5,4-1,,,
90.95756999999999,MOT_mc_stage_color_00,r-flash,,
91.02423,1,hj1,,,
91.02423,2,hj3,,,
91.02423,3,hj3,,,
91.02423,4,hj1,,,
91.02423,5,hj1,,,
91.75748999999999,MOT_mc_special_03,3-2,,
91.79082,1,hj1,,,
91.79082,2,hj3,,,
91.79082,3,hj3,,,
91.79082,4,hj1,,,
91.79082,5,hj1,,,
91.85748,MOT_mc_stage_color_00,b-flash,,
92.42408999999999,1,1-2,,,
92.42408999999999,2,3-4,,,
92.42408999999999,3,3-4,,,
92.42408999999999,4,1-2,,,
92.42408999999999,5,1-2,,,
92.75739,MOT_mc_stage_color_00,y-flash,,
92.79072,1,hj2,,,
92.79072,2,hj4,,,
92.79072,3,hj4,,,
92.79072,4,hj2,,,
92.79072,5,hj2,,,
93.05736,MOT_mc_special_03,2-1,,
93.45732,1,sp2-3,,,
93.45732,2,sp4-1,,,
93.45732,3,sp4-1,,,
93.45732,4,sp2-3,,,
93.45732,5,sp2-3,,,
93.45732,MOT_mc_special_03,lp1,,
94.92384,2,1-2,l2,,
94.92384,3,1-2,r2,,
94.92384,4,3-4,l2,,
94.92384,5,3-4,r2,,
95.32379999999999,2,j2-3,,,
95.32379999999999,3,j2-3,,,
95.32379999999999,4,,l3,,
95.32379999999999,5,,r3,,
95.69042999999999,MOT_mc_stage_color_00,b-flash,,
95.75708999999999,MOT_mc_light_up_00,l3,,
95.75708999999999,MOT_mc_light_center_00,l3,,
95.75708999999999,MOT_mc_light_under_00,l2_red,,
95.75708999999999,MOT_mc_speaker_00,l2,,
95.75708999999999,MOT_mc_back_00,l2,,
95.75708999999999,MOT_mc_special_01,l1,,
95.82374999999999,MOT_mc_special_03,1-4,,
95.85708,5,w4,,,
95.85708,4,w4,,,
95.85708,1,3-4,,,
95.85708,2,3-4,,,
95.85708,3,3-4,,,
95.85708,4,4-1,,,
95.85708,5,4-1,,,
96.15705,1,hj4,,,
96.15705,2,hj4,,,
96.15705,3,hj4,,,
96.15705,4,hj1,,,
96.15705,5,hj1,,,
96.3237,MOT_mc_special_03,lp4,,
96.85698,1,4-1,,,
96.85698,2,4-1,,,
96.85698,3,4-1,,,
96.85698,4,1-2,,,
96.85698,5,1-2,,,
97.3236,1,1-2,,,
97.3236,2,1-2,,,
97.3236,3,1-2,,,
97.3236,4,2-3,,,
97.3236,5,2-3,,,
97.82355,1,sj2,,,
97.82355,2,sj2,,,
97.82355,3,sj2,,,
97.82355,4,sj3,,,
97.82355,5,sj3,,,
97.95687,MOT_mc_special_03,4-2,,
98.3235,5,w3,,,
98.3235,4,w3,,,
98.3235,3,w2,,,
98.3235,2,w2,,,
98.3235,1,sj2,,,
98.3235,2,sj2,,,
98.3235,3,sj2,,,
98.3235,4,sj3,,,
98.3235,5,sj3,,,
98.3235,MOT_mc_special_03,sj2,,
98.72345999999999,MOT_mc_special_03,2-1,,
98.75679,1,2-3,,,
98.75679,2,2-3,,,
98.75679,3,2-3,,,
98.75679,4,3-4,,,
98.75679,5,3-4,,,
99.09008999999999,1,lp3,,,
99.09008999999999,2,lp3,,,
99.09008999999999,3,lp3,,,
99.09008999999999,4,lp4,,,
99.09008999999999,5,lp4,,,
99.09008999999999,MOT_mc_special_03,j1-2,,
99.62337,MOT_mc_special_03,lp2,,
100.38996,1,j3-4,,,
100.38996,2,j3-4,,,
100.38996,3,j3-4,,,
100.38996,4,j4-1,,,
100.38996,5,j4-1,,,
100.82325,1,j4-1,,,
100.82325,2,j4-1,,,
100.82325,3,j4-1,,,
100.82325,4,j1-2,,,
100.82325,5,j1-2,,,
101.25654,1,1-2,,,
101.25654,2,1-2,,,
101.25654,3,1-2,,,
101.25654,4,2-3,,,
101.25654,5,2-3,,,
101.48984999999999,MOT_mc_special_03,2-4,,
101.58984,1,lp2,,,
101.58984,2,lp2,,,
101.58984,3,lp2,,,
101.58984,4,lp3,,,
101.58984,5,lp3,,,
101.85647999999999,MOT_mc_special_03,sj4,,
102.25644,MOT_mc_special_03,4-1,,
102.38976,1,2-3,,,
102.38976,2,2-3,,,
102.38976,3,2-3,,,
102.38976,4,3-4,,,
102.38976,5,3-4,,,
102.62307,MOT_mc_special_03,j1-2,,
102.68973,1,3-4,,,
102.68973,2,3-4,,,
102.68973,3,3-4,,,
102.68973,4,4-1,,,
102.68973,5,4-1,,,
102.9897,1,j4-1,,,
102.9897,2,j4-1,,,
102.9897,3,j4-1,,,
102.9897,4,j1-2,,,
102.9897,5,j1-2,,,
103.15634999999999,MOT_mc_special_03,lp2,,
103.28967,1,lp1,,,
103.28967,2,lp1,,,
103.28967,3,lp1,,,
103.28967,4,lp2,,,
103.28967,5,lp2,,,
104.25623999999999,4,sj2,,,
104.25623999999999,5,sj2,,,
104.25623999999999,1,sj1,,,
104.62286999999999,2,sj1,,,
104.62286999999999,3,sj1,,,
104.72286,MOT_mc_special_03,2-3,,
104.75618999999999,5,w2,,,
104.75618999999999,4,w2,,,
104.75618999999999,1,w1,,,
105.08949,1,j1-2,,,
105.08949,2,j1-2,,,
105.08949,3,j1-2,,,
105.08949,4,j2-3,,,
105.08949,5,j2-3,,,
105.18947999999999,MOT_mc_special_03,lp3,,
105.62276999999999,1,2-3,,,
105.62276999999999,2,2-3,,,
105.62276999999999,3,2-3,,,
105.62276999999999,4,3-4,,,
105.62276999999999,5,3-4,,,
105.78941999999999,MOT_mc_stage_color_00,r-flash,,
106.02273,1,sj3,,,
106.02273,2,sj3,,,
106.02273,3,sj3,,,
106.02273,4,sj4,,,
106.02273,5,sj4,,,
106.52268,5,w4,,,
106.52268,4,w4,,,
106.52268,3,w3,,,
106.52268,2,w3,,,
106.52268,1,w3,,,
106.68933,MOT_mc_stage_color_00,b-flash,,
106.68933,1,hj3,,,
106.68933,2,hj3,,,
106.68933,3,hj3,,,
106.68933,4,hj4,,,
106.68933,5,hj4,,,
106.72265999999999,MOT_mc_special_03,3-2,,
107.28927,1,3-4,,,
107.28927,2,3-4,,,
107.28927,3,3-4,,,
107.28927,4,4-1,,,
107.28927,5,4-1,,,
107.58923999999999,MOT_mc_stage_color_00,y-flash,,
107.62257,1,hj4,,,
107.62257,2,hj4,,,
107.62257,3,hj4,,,
107.62257,4,hj1,,,
107.62257,5,hj1,,,
108.02252999999999,MOT_mc_special_03,2-1,,
108.28917,1,lp4,,,
108.28917,2,lp4,,,
108.28917,3,lp4,,,
108.28917,4,lp1,,,
108.28917,5,lp1,,,
108.42249,MOT_mc_special_03,lp1,,
109.78902,1,j4-1,,,
109.78902,2,j4-1,,,
109.78902,3,j4-1,,,
109.78902,4,j1-2,,,
109.78902,5,j1-2,,,
110.15565,1,sp1-2,,,
110.15565,2,sp1-2,,,
110.15565,3,sp1-2,,,
110.15565,4,sp2-3,,,
110.15565,5,sp2-3,,,
113.45532,MOT_mc_special_03,j1-2,,
113.92193999999999,MOT_mc_special_03,sj2,,
114.42188999999999,MOT_mc_special_03,sj2,,
114.85517999999999,MOT_mc_special_03,sj2,,
115.28846999999999,MOT_mc_special_03,j2-3,,
115.35512999999999,1,j2-3,,,
115.35512999999999,2,j2-3,,,
115.35512999999999,3,j2-3,,,
115.35512999999999,4,j3-4,,,
115.35512999999999,5,j3-4,,,
115.58843999999999,MOT_mc_stage_color_00,r-flash,,
115.58843999999999,MOT_mc_bg_black_00,b20-80,,
115.65509999999999,MOT_mc_light_up_00,l1,,
115.65509999999999,MOT_mc_light_center_00,l1,,
115.65509999999999,MOT_mc_light_under_00,l1,,
115.65509999999999,MOT_mc_speaker_00,stay,,
115.65509999999999,MOT_mc_back_00,l1,,
115.65509999999999,MOT_mc_special_01,stay,,
115.68843,1,3-4,,,
115.68843,2,3-4,,,
115.68843,3,3-4,,,
115.68843,4,4-1,,,
115.68843,5,4-1,,,
116.02172999999999,1,hj4,,,
116.02172999999999,2,hj4,,,
116.02172999999999,3,hj4,,,
116.02172999999999,4,hj1,,,
116.02172999999999,5,hj1,,,
116.58833999999999,1,lp4,,,
116.58833999999999,2,lp4,,,
116.58833999999999,3,lp4,,,
116.58833999999999,4,lp1,,,
116.58833999999999,5,lp1,,,
118.98809999999999,1,4-1,,,
118.98809999999999,2,4-1,,,
118.98809999999999,3,4-1,,,
118.98809999999999,4,1-2,,,
118.98809999999999,5,1-2,,,
119.15474999999999,MOT_mc_bg_black_00,b80-65,,
119.18808,MOT_mc_stage_color_00,b-flash,,
119.25474,MOT_mc_light_up_00,l2,,
119.25474,MOT_mc_light_center_00,l2,,
119.25474,MOT_mc_light_under_00,l1,,
119.25474,MOT_mc_speaker_00,l1,,
119.25474,MOT_mc_back_00,l2,,
119.25474,MOT_mc_special_01,l1,,
119.3214,1,lp1,,,
119.3214,2,lp1,,,
119.3214,3,lp1,,,
119.3214,4,lp2,,,
119.3214,5,lp2,,,
120.85458,1,1-2,,,
120.85458,2,1-2,,,
120.85458,3,1-2,,,
120.85458,4,2-3,,,
120.85458,5,2-3,,,
121.18787999999999,1,lp2,,,
121.18787999999999,2,lp2,,,
121.18787999999999,3,lp2,,,
121.18787999999999,4,lp3,,,
121.18787999999999,5,lp3,,,
121.62116999999999,1,sj2,,,
122.05445999999999,2,sj2,,,
122.05445999999999,3,sj2,,,
122.12111999999999,1,w2,,,
122.48774999999999,4,sj3,,,
122.48774999999999,5,sj3,,,
122.55440999999999,3,w2,,,
122.55440999999999,2,w2,,,
122.82105,MOT_mc_special_03,3-4,,
122.85437999999999,1,lp2,,,
122.85437999999999,2,lp2,,,
122.85437999999999,3,lp2,,,
122.85437999999999,4,lp3,,,
122.85437999999999,5,lp3,,,
123.25434,MOT_mc_special_03,sj4,,
123.65429999999999,MOT_mc_special_03,4-1,,
124.02092999999999,MOT_mc_special_03,j1-2,,
124.42089,MOT_mc_special_03,lp2,,
124.45421999999999,1,2-3,,,
124.45421999999999,2,2-3,,,
124.45421999999999,3,2-3,,,
124.45421999999999,4,3-4,,,
124.45421999999999,5,3-4,,,
124.75419,1,lp3,,,
124.75419,2,lp3,,,
124.75419,3,lp3,,,
124.75419,4,lp4,,,
124.75419,5,lp4,,,
125.38745999999999,4,hj4,,,
125.38745999999999,5,hj4,,,
125.52077999999999,2,hj3,,,
125.52077999999999,3,hj3,,,
125.62077,1,hj3,,,
126.22071,1,j3-4,,,
126.22071,2,j3-4,,,
126.22071,3,j3-4,,,
126.22071,4,j4-1,,,
126.22071,5,j4-1,,,
126.52068,MOT_mc_special_03,2-4,,
126.55400999999999,1,lp4,,,
126.55400999999999,2,lp4,,,
126.55400999999999,3,lp4,,,
126.55400999999999,4,lp1,,,
126.55400999999999,5,lp1,,,
126.92063999999999,MOT_mc_special_03,sj4,,
127.3206,MOT_mc_special_03,4-1,,
127.78721999999999,MOT_mc_special_03,j1-2,,
127.85387999999999,1,4-1,,,
127.85387999999999,2,4-1,,,
127.85387999999999,3,4-1,,,
127.85387999999999,4,1-2,,,
127.85387999999999,5,1-2,,,
128.18717999999998,MOT_mc_special_03,lp2,,
128.25384,1,sj1,,,
128.25384,4,sj2,,,
128.25384,5,sj2,,,
128.6538,2,sj1,,,
128.6538,3,sj1,,,
128.75378999999998,5,w2,,,
128.75378999999998,4,w2,,,
128.75378999999998,1,w1,,,
129.08709,1,sj1,,,
129.08709,4,sj2,,,
129.08709,5,sj2,,,
129.15375,3,w1,,,
129.15375,2,w1,,,
129.48704999999998,2,sj1,,,
129.48704999999998,3,sj1,,,
129.58704,5,w2,,,
129.58704,4,w2,,,
129.58704,1,w1,,,
129.88701,1,lp1,,,
129.88701,2,lp1,,,
129.88701,3,lp1,,,
129.88701,4,lp2,,,
129.88701,5,lp2,,,
130.95356999999998,1,1-2,,,
130.95356999999998,2,1-2,,,
130.95356999999998,3,1-2,,,
130.95356999999998,4,2-3,,,
130.95356999999998,5,2-3,,,
131.22020999999998,1,j2-3,,,
131.22020999999998,2,j2-3,,,
131.22020999999998,3,j2-3,,,
131.22020999999998,4,j3-4,,,
131.22020999999998,5,j3-4,,,
131.22020999999998,MOT_mc_special_03,2-1,,
131.52017999999998,MOT_mc_stage_color_00,b-flash,,
131.58684,1,lp3,,,
131.58684,2,lp3,,,
131.58684,3,lp3,,,
131.58684,4,lp4,,,
131.58684,5,lp4,,,
132.02013,1,3-4,,,
132.02013,2,3-4,,,
132.02013,3,3-4,,,
132.02013,4,4-1,,,
132.02013,5,4-1,,,
132.3201,1,lp4,,,
132.3201,2,lp4,,,
132.3201,3,lp4,,,
132.3201,4,lp1,,,
132.3201,5,lp1,,,
132.62007,1,hj4,,,
132.62007,2,hj4,,,
132.62007,3,hj4,,,
132.62007,4,hj1,,,
132.62007,5,hj1,,,
133.12001999999998,MOT_mc_bg_black_00,b65-45,,
133.18668,MOT_mc_stage_color_00,b-flash,,
133.22001,MOT_mc_light_up_00,l3,,
133.22001,MOT_mc_light_center_00,l3,,
133.22001,MOT_mc_light_under_00,l2,,
133.22001,MOT_mc_speaker_00,l2,,
133.22001,MOT_mc_back_00,l2,,
133.22001,MOT_mc_special_01,l1,,
133.25333999999998,MOT_mc_special_03,1-4,,
133.28667,1,lp4,,,
133.28667,2,lp4,,,
133.28667,3,lp4,,,
133.28667,4,lp1,,,
133.28667,5,lp1,,,
133.61997,MOT_mc_special_03,lp4,,
134.61987,1,4-1,,b0,
134.61987,4,1-2,,b0,
134.61987,5,1-2,,b0,
134.61987,MOT_mc_special_03,sj4,,
134.9865,1,1-2,,,
134.9865,2,4-1,,,
134.9865,3,4-1,,,
134.9865,4,2-3,,,
134.9865,5,2-3,,,
134.9865,MOT_mc_special_03,lp4,,
135.38646,1,2-3,,,
135.38646,2,1-2,lb1,,
135.38646,3,1-2,rb1,,
135.81975,1,j3-4,,,
135.81975,2,j2-3,,,
135.81975,3,j2-3,,,
135.81975,4,j3-4,,,
135.81975,5,j3-4,,,
136.25304,5,4-1,rb2,,
136.25304,4,4-1,lb2,,
136.71966,1,4-1,,,
136.71966,2,3-4,l2,,
136.71966,3,3-4,r2,,
136.75298999999998,MOT_mc_special_03,hj4,,
137.08629,1,1-2,,,
137.08629,2,4-1,,,
137.08629,3,4-1,,,
137.08629,4,1-2,,,
137.08629,5,1-2,,,
137.41959,5,2-3,r3,,
137.41959,4,2-3,l3,,
137.88621,MOT_mc_special_03,4-2,,
137.9862,1,2-3,,,
137.9862,2,1-2,,,
137.9862,3,1-2,,,
137.9862,4,3-4,,,
137.9862,5,3-4,,,
138.25284,MOT_mc_special_03,lp2,,
138.35282999999998,1,3-4,,f1,
138.35282999999998,4,4-1,,f1,
138.35282999999998,5,4-1,,f1,
138.35282999999998,2,2-3,l3,,
138.35282999999998,3,2-3,rb1,,
138.75279,1,j4-1,,,
138.75279,2,j3-4,,,
138.75279,3,j3-4,,,
138.75279,4,j1-2,,,
138.75279,5,j1-2,,,
139.28607,1,1-2,l1,,
139.28607,4,2-3,l4,,
139.28607,5,2-3,rb2,,
139.55271,MOT_mc_special_03,j2-3,,
139.65269999999998,1,2-3,,,
139.65269999999998,2,4-1,,,
139.65269999999998,3,4-1,,,
139.65269999999998,4,3-4,,,
139.65269999999998,5,3-4,,,
139.65269999999998,1,,lb0,,
139.65269999999998,2,,lb2,,
139.65269999999998,3,,r2,,
139.65269999999998,4,,lb3,,
139.65269999999998,5,,r3,,
139.95266999999998,MOT_mc_bg_black_00,b45-20,,
139.986,MOT_mc_stage_color_00,r-flash,,
139.986,MOT_mc_special_03,lp3,,
140.01933,1,3-4,,,
140.01933,2,1-2,,,
140.01933,3,1-2,,,
140.01933,4,4-1,,,
140.01933,5,4-1,,,
140.38595999999998,1,sj4,,,
140.38595999999998,2,sj2,,,
140.38595999999998,3,sj2,,,
140.38595999999998,4,sj1,,,
140.38595999999998,5,sj1,,,
140.88591,5,w1,,,
140.88591,4,w1,,,
140.88591,3,w2,,,
140.88591,2,w2,,,
140.88591,1,w4,,,
140.91924,1,4-1,,,
140.91924,2,2-3,,,
140.91924,3,2-3,,,
140.91924,4,1-2,,,
140.91924,5,1-2,,,
141.28587,1,1-2,,,
141.28587,2,3-4,,,
141.28587,3,3-4,,,
141.28587,4,2-3,,,
141.28587,5,2-3,,,
141.58584,MOT_mc_special_03,j3-4,,
141.6525,1,sj2,,,
141.6525,2,sj4,,,
141.6525,3,sj4,,,
141.6525,4,sj3,,,
141.6525,5,sj3,,,
142.08579,1,sp2-3,,,
142.08579,2,sp4-1,,,
142.08579,3,sp4-1,,,
142.08579,4,sp3-4,,,
142.08579,5,sp3-4,,,
142.15245,MOT_mc_special_03,lp4,,
142.95237,1,sj3,,,
142.95237,2,sj1,,,
142.95237,3,sj1,,,
142.95237,4,sj4,,,
142.95237,5,sj4,,,
143.45232,5,w4,,,
143.45232,4,w4,,,
143.45232,3,w1,,,
143.45232,2,w1,,,
143.45232,1,3-4,,,
143.45232,2,1-2,,,
143.45232,3,1-2,,,
143.45232,4,4-1,,,
143.45232,5,4-1,,,
143.48565,MOT_mc_special_03,sj4,,
143.78562,1,4-1,,,
143.78562,2,2-3,,,
143.78562,3,2-3,,,
143.78562,4,1-2,,,
143.78562,5,1-2,,,
144.11892,1,hj1,,,
144.11892,2,hj3,,,
144.11892,3,hj3,,,
144.11892,4,hj2,,,
144.11892,5,hj2,,,
144.38556,MOT_mc_special_03,4-1,,
144.6522,1,1-2,,,
144.6522,2,3-4,,,
144.6522,3,3-4,,,
144.6522,4,2-3,,,
144.6522,5,2-3,,,
144.85218,MOT_mc_special_03,sj1,,
144.95217,1,lp2,,,
144.95217,2,lp4,,,
144.95217,3,lp4,,,
144.95217,4,lp3,,,
144.95217,5,lp3,,,
145.35213,MOT_mc_special_03,1-2,,
145.75208999999998,1,j2-3,,,
145.75208999999998,2,j4-1,,,
145.75208999999998,3,j4-1,,,
145.75208999999998,4,j3-4,,,
145.75208999999998,5,j3-4,,,
145.81875,MOT_mc_special_03,lp2,,
146.11872,1,3-4,,,
146.11872,2,1-2,,,
146.11872,3,1-2,,,
146.11872,4,4-1,,,
146.11872,5,4-1,,,
146.48534999999998,1,j4-1,,,
146.48534999999998,2,j2-3,,,
146.48534999999998,3,j2-3,,,
146.48534999999998,4,j1-2,,,
146.48534999999998,5,j1-2,,,
146.51868,MOT_mc_bg_black_00,b45-20,,
146.55201,MOT_mc_stage_color_00,y-flash,,
146.81865,1,lp1,,,
146.81865,2,lp3,,,
146.81865,3,lp3,,,
146.81865,4,lp2,,,
146.81865,5,lp2,,,
147.9852,1,1-2,,,
147.9852,2,3-4,,,
147.9852,3,3-4,,,
147.9852,4,2-3,,,
147.9852,5,2-3,,,
148.28517,4,3-4,,b0,
148.35183,2,4-1,,b0,
148.35183,1,lp2,,,
148.35183,2,lp1,,,
148.35183,3,lp4,,,
148.35183,4,lp4,,,
148.35183,5,lp3,,,
148.41849,1,2-3,,b0,
148.48515,3,4-1,,b0,
148.55181,5,3-4,,b0,
149.08508999999998,5,4-1,,f1,
149.15175,3,1-2,,f1,
149.21841,1,3-4,,f1,
149.28507,2,1-2,,f1,
149.35173,4,4-1,,f1,
149.61837,1,4-1,,,
149.61837,2,2-3,,,
149.61837,3,2-3,,,
149.61837,4,1-2,,,
149.61837,5,1-2,,,
149.91834,1,lp1,,,
149.91834,2,lp3,,,
149.91834,3,lp3,,,
149.91834,4,lp2,,,
149.91834,5,lp2,,,
149.95167,MOT_mc_special_03,1-3,,
150.45162,MOT_mc_special_03,lp3,,
152.08479,MOT_mc_special_03,3-4,,
152.45141999999998,MOT_mc_special_03,sj4,,
152.85138,MOT_mc_special_03,4-1,,
152.95137,1,1-2,,,
152.95137,2,3-4,,,
152.95137,3,3-4,,,
152.95137,4,2-3,,,
152.95137,5,2-3,,,
153.21801,MOT_mc_bg_black_00,b20-45,,
153.21801,MOT_mc_special_03,j1-2,,
153.25134,MOT_mc_stage_color_00,b-flash,,
153.28467,MOT_mc_light_up_00,l3,,
153.28467,MOT_mc_light_center_00,l3,,
153.28467,MOT_mc_light_under_00,l2,,
153.28467,MOT_mc_speaker_00,l2,,
153.28467,MOT_mc_back_00,l2,,
153.28467,MOT_mc_special_01,l1,,
153.31799999999998,1,2-3,,,
153.31799999999998,2,4-1,,,
153.31799999999998,3,4-1,,,
153.31799999999998,4,3-4,,,
153.31799999999998,5,3-4,,,
153.68463,1,sj3,,,
153.68463,2,sj1,,,
153.68463,3,sj1,,,
153.68463,4,sj4,,,
153.68463,5,sj4,,,
153.75128999999998,MOT_mc_special_03,lp2,,
154.18457999999998,5,w4,,,
154.18457999999998,4,w4,,,
154.18457999999998,3,w1,,,
154.18457999999998,2,w1,,,
154.18457999999998,1,w3,,,
154.21791,1,3-4,,,
154.21791,2,1-2,,,
154.21791,3,1-2,,,
154.21791,4,4-1,,,
154.21791,5,4-1,,,
154.58454,1,4-1,,,
154.58454,2,2-3,,,
154.58454,3,2-3,,,
154.58454,4,1-2,,,
154.58454,5,1-2,,,
154.95117,1,sj1,,,
154.95117,2,sj3,,,
154.95117,3,sj3,,,
154.95117,4,sj2,,,
154.95117,5,sj2,,,
155.38446,1,sp1-2,,,
155.38446,2,sp3-4,,,
155.38446,3,sp3-4,,,
155.38446,4,sp2-3,,,
155.38446,5,sp2-3,,,
155.61777,MOT_mc_special_03,2-4,,
155.9844,MOT_mc_special_03,sj4,,
156.25104,1,sj2,,,
156.25104,2,sj4,,,
156.25104,3,sj4,,,
156.25104,4,sj3,,,
156.25104,5,sj3,,,
156.38436,MOT_mc_special_03,4-1,,
156.75099,5,w3,,,
156.75099,4,w3,,,
156.75099,3,w4,,,
156.75099,2,w4,,,
156.75099,1,2-3,,,
156.75099,2,4-1,,,
156.75099,3,4-1,,,
156.75099,4,3-4,,,
156.75099,5,3-4,,,
157.08428999999998,1,3-4,,,
157.08428999999998,2,1-2,,,
157.08428999999998,3,1-2,,,
157.08428999999998,4,4-1,,,
157.08428999999998,5,4-1,,,
157.21760999999998,MOT_mc_special_03,j1-2,,
157.41759,1,hj4,,,
157.41759,2,hj2,,,
157.41759,3,hj2,,,
157.41759,4,hj1,,,
157.41759,5,hj1,,,
157.75089,MOT_mc_special_03,lp2,,
157.95086999999998,1,4-1,,,
157.95086999999998,2,2-3,,,
157.95086999999998,3,2-3,,,
157.95086999999998,4,1-2,,,
157.95086999999998,5,1-2,,,
158.25083999999998,1,lp1,,,
158.25083999999998,2,lp3,,,
158.25083999999998,3,lp3,,,
158.25083999999998,4,lp2,,,
158.25083999999998,5,lp2,,,
159.05076,1,j1-2,,,
159.05076,2,j3-4,,,
159.05076,3,j3-4,,,
159.05076,4,j2-3,,,
159.05076,5,j2-3,,,
159.28406999999999,MOT_mc_special_03,2-3,,
159.41738999999998,1,2-3,,,
159.41738999999998,2,4-1,,,
159.41738999999998,3,4-1,,,
159.41738999999998,4,3-4,,,
159.41738999999998,5,3-4,,,
159.75069,MOT_mc_special_03,lp3,,
159.78402,1,j3-4,,,
159.78402,2,j1-2,,,
159.78402,3,j1-2,,,
159.78402,4,j4-1,,,
159.78402,5,j4-1,,,
160.11732,1,lp4,,,
160.11732,2,lp2,,,
160.11732,3,lp2,,,
160.11732,4,lp1,,,
160.11732,5,lp1,,,
161.28386999999998,1,4-1,,,
161.28386999999998,2,2-3,,,
161.28386999999998,3,2-3,,,
161.28386999999998,4,1-2,,,
161.28386999999998,5,1-2,,,
161.58383999999998,4,2-3,,b0,
161.6505,2,3-4,,b0,
161.6505,1,lp1,,,
161.6505,2,lp4,,,
161.6505,3,lp3,,,
161.6505,4,lp3,,,
161.6505,5,lp2,,,
161.71716,1,1-2,,b0,
161.75048999999999,MOT_mc_special_03,hj3,,
161.78382,3,3-4,,b0,
161.85048,5,2-3,,b0,
162.38376,4,3-4,,f1,
162.45041999999998,2,4-1,,f1,
162.51708,1,2-3,,f1,
162.58374,3,4-1,,f1,
162.6504,5,3-4,,f1,
162.95037,1,3-4,,,
162.95037,2,1-2,,,
162.95037,3,1-2,,,
162.95037,4,4-1,,,
162.95037,5,4-1,,,
163.25034,1,lp4,,,
163.25034,2,lp2,,,
163.25034,3,lp2,,,
163.25034,4,lp1,,,
163.25034,5,lp1,,,
164.71686,1,4-1,l1,,
164.71686,2,2-3,l3,,
164.71686,3,2-3,rb1,,
164.71686,4,1-2,l4,,
164.71686,5,1-2,rb2,,
165.08348999999998,1,1-2,lb0,,
165.08348999999998,2,3-4,lb2,,
165.08348999999998,3,3-4,r2,,
165.08348999999998,4,2-3,lb3,,
165.08348999999998,5,2-3,r3,,
165.71676,1,2-3,r1,,
165.71676,2,4-1,lb1,,
165.71676,3,4-1,r3,,
165.71676,4,3-4,lb2,,
165.71676,5,3-4,r4,,
166.08338999999998,1,3-4,rb0,,
166.08338999999998,2,1-2,l2,,
166.08338999999998,3,1-2,rb2,,
166.08338999999998,4,4-1,l3,,
166.08338999999998,5,4-1,rb3,,
166.38335999999998,1,j4-1,,,
166.38335999999998,2,j2-3,,,
166.38335999999998,3,j2-3,,,
166.38335999999998,4,j1-2,,,
166.38335999999998,5,j1-2,,,
166.61667,MOT_mc_light_up_00,l2,,
166.61667,MOT_mc_light_center_00,l2,,
166.61667,MOT_mc_light_under_00,l1,,
166.61667,MOT_mc_speaker_00,l1,,
166.61667,MOT_mc_back_00,l2,,
166.61667,MOT_mc_special_01,l1,,
166.61667,MOT_mc_bg_black_00,b20-45,,
166.65,MOT_mc_stage_color_00,r-flash,,
166.71666,1,lp1,,,
166.71666,2,lp3,,,
166.71666,3,lp3,,,
166.71666,4,lp2,,,
166.71666,5,lp2,,,
166.71666,MOT_mc_special_03,3-1,,
167.21661,MOT_mc_special_03,lp1,,
168.81645,MOT_mc_special_03,1-4,,
169.21641,MOT_mc_special_03,sj4,,
169.61637,MOT_mc_special_03,4-1,,
170.01632999999998,MOT_mc_special_03,j1-2,,
170.51628,MOT_mc_special_03,lp2,,
171.38286,1,1-2,,,
171.38286,2,3-4,,,
171.38286,3,3-4,,,
171.38286,4,2-3,,,
171.38286,5,2-3,,,
171.68283,1,lp2,,,
171.68283,2,lp4,,,
171.68283,3,lp4,,,
171.68283,4,lp3,,,
171.68283,5,lp3,,,
172.3161,1,sj2,,,
172.3161,2,sj4,,,
172.3161,3,sj4,,,
172.3161,4,sj3,,,
172.3161,5,sj3,,,
172.38276,MOT_mc_special_03,2-4,,
172.64939999999999,1,2-3,,,
172.64939999999999,2,4-1,,,
172.64939999999999,3,4-1,,,
172.64939999999999,4,3-4,,,
172.64939999999999,5,3-4,,,
172.74939,MOT_mc_special_03,sj4,,
172.9827,1,hj3,,,
172.9827,2,hj1,,,
172.9827,3,hj1,,,
172.9827,4,hj4,,,
172.9827,5,hj4,,,
173.14935,MOT_mc_special_03,4-1,,
173.41599,MOT_mc_bg_black_00,b45-80,,
173.44932,MOT_mc_stage_color_00,y-flash,,
173.51597999999998,MOT_mc_light_up_00,l1,,
173.51597999999998,MOT_mc_light_center_00,l1,,
173.51597999999998,MOT_mc_light_under_00,l1,,
173.51597999999998,MOT_mc_speaker_00,stay,,
173.51597999999998,MOT_mc_back_00,l1,,
173.51597999999998,MOT_mc_special_01,stay,,
174.21590999999998,5,w4,,,
174.21590999999998,4,w4,,,
174.21590999999998,3,w1,,,
174.21590999999998,2,w1,,,
174.21590999999998,1,w3,,,
174.78252,1,3-4,,,
174.78252,2,1-2,,,
174.78252,3,1-2,,,
174.78252,4,4-1,,,
174.78252,5,4-1,,,
175.24913999999998,1,sp4-1,,,
175.24913999999998,2,sp2-3,,,
175.24913999999998,3,sp2-3,,,
175.24913999999998,4,sp1-2,,,
175.24913999999998,5,sp1-2,,,
175.91574,1,1-2,,f2,
175.91574,4,2-3,,f2,
175.91574,5,2-3,,f2,
175.91574,2,j3-4,,,
175.91574,3,j3-4,,,
176.04906,MOT_mc_special_03,1-3,,
176.11571999999998,MOT_mc_bg_black_00,b45-20,,
176.18238,MOT_mc_stage_color_00,b-flash,,
176.21571,MOT_mc_light_up_00,l2,,
176.21571,MOT_mc_light_center_00,l2,,
176.21571,MOT_mc_light_under_00,l1,,
176.21571,MOT_mc_speaker_00,l1,,
176.21571,MOT_mc_back_00,l1,,
176.21571,MOT_mc_special_01,l1,,
176.51568,MOT_mc_special_03,lp3,,
176.61567,1,j2-3,,,
176.61567,2,j4-1,,,
176.61567,3,j4-1,,,
176.61567,4,j3-4,,,
176.61567,5,j3-4,,,
177.28226999999998,1,j3-4,,,
177.28226999999998,2,j1-2,,,
177.28226999999998,3,j1-2,,,
177.28226999999998,4,j4-1,,,
177.28226999999998,5,j4-1,,,
178.04886,MOT_mc_special_03,3-2,,
178.08219,1,j4-1,,,
178.08219,2,j2-3,,,
178.08219,3,j2-3,,,
178.08219,4,j1-2,,,
178.08219,5,j1-2,,,
178.41549,1,lp1,,,
178.41549,2,lp3,,,
178.41549,3,lp3,,,
178.41549,4,lp2,,,
178.41549,5,lp2,,,
178.88210999999998,1,1-2,,,
178.88210999999998,2,3-4,,,
178.88210999999998,3,3-4,,,
178.88210999999998,4,2-3,,,
178.88210999999998,5,2-3,,,
179.34873,MOT_mc_special_03,2-1,,
179.61536999999998,1,j2-3,,,
179.61536999999998,2,j4-1,,,
179.61536999999998,3,j4-1,,,
179.61536999999998,4,j3-4,,,
179.61536999999998,5,j3-4,,,
179.74868999999998,MOT_mc_special_03,lp1,,
180.28197,1,sj3,,,
180.28197,2,sj1,,,
180.28197,3,sj1,,,
180.28197,4,sj4,,,
180.28197,5,sj4,,,
180.78191999999999,5,w4,,,
180.78191999999999,4,w4,,,
180.78191999999999,3,w1,,,
180.78191999999999,2,w1,,,
180.78191999999999,1,hj3,,,
180.78191999999999,2,hj1,,,
180.78191999999999,3,hj1,,,
180.78191999999999,4,hj4,,,
180.78191999999999,5,hj4,,,
181.3152,1,lp3,,,
181.3152,2,lp1,,,
181.3152,3,lp1,,,
181.3152,4,lp4,,,
181.3152,5,lp4,,,
181.78181999999998,MOT_mc_bg_black_00,b20-45,,
181.78181999999998,2,1-2,,,
181.78181999999998,3,1-2,,,
181.78181999999998,MOT_mc_special_03,1-4,,
181.88181,MOT_mc_stage_color_00,y-flash,,
182.08178999999998,1,3-4,,,
182.08178999999998,4,4-1,,,
182.08178999999998,5,4-1,,,
182.28177,MOT_mc_special_03,lp4,,
182.41509,2,j2-3,,,
182.41509,3,j2-3,,,
182.71506,1,j4-1,,,
182.71506,4,j1-2,,,
182.71506,5,j1-2,,,
183.21500999999998,2,j3-4,,,
183.28167,3,j3-4,,,
183.34833,4,2-3,,b1,
183.41499,5,2-3,,b1,
183.48165,1,1-2,,b1,
183.94826999999998,1,,,f2,
183.94826999999998,2,,,f2,
183.94826999999998,3,,,f2,
183.94826999999998,4,,,f2,
183.94826999999998,5,,,f2,
184.28157,4,w3,,,
184.28157,2,w4,,,
184.34823,5,w3,,,
184.34823,3,w4,,,
184.38155999999998,2,4-1,,,
184.38155999999998,3,4-1,,,
184.41488999999999,1,w2,,,
184.68152999999998,1,2-3,,,
184.68152999999998,4,3-4,,,
184.68152999999998,5,3-4,,,
184.68152999999998,MOT_mc_special_03,4-2,,
185.01483,2,j1-2,,,
185.01483,3,j1-2,,,
185.04816,MOT_mc_special_03,sj2,,
185.3148,1,j3-4,,,
185.3148,4,j4-1,,,
185.3148,5,j4-1,,,
185.44812,MOT_mc_special_03,2-1,,
185.81475,2,2-3,,b1,
185.81475,MOT_mc_special_03,j1-2,,
185.88141,3,2-3,,b1,
185.94807,4,1-2,,b1,
186.01473,5,1-2,,b1,
186.08139,1,4-1,,b1,
186.18138,MOT_mc_special_03,lp2,,
186.44801999999999,1,1-2,,,
186.44801999999999,2,3-4,,,
186.44801999999999,3,3-4,,,
186.44801999999999,4,2-3,,,
186.44801999999999,5,2-3,,,
186.78132,1,lp2,,,
186.78132,2,lp4,,,
186.78132,3,lp4,,,
186.78132,4,lp3,,,
186.78132,5,lp3,,,
187.21461,1,2-3,,,
187.21461,2,4-1,,,
187.21461,3,4-1,,,
187.21461,4,3-4,,,
187.21461,5,3-4,,,
187.21461,1,,,f2,
187.21461,2,,,f2,
187.21461,3,,,f2,
187.34793,MOT_mc_bg_black_00,b20-0,,
187.44791999999998,MOT_mc_stage_color_00,b-flash,,
187.48125,MOT_mc_light_up_00,l3,,
187.48125,MOT_mc_light_center_00,l3,,
187.48125,MOT_mc_light_under_00,l2_red,,
187.48125,MOT_mc_speaker_00,l1,,
187.48125,MOT_mc_back_00,l2,,
187.48125,MOT_mc_special_01,l1,,
187.51458,1,lp3,,,
187.51458,2,lp1,,,
187.51458,3,lp1,,,
187.51458,4,lp4,,,
187.51458,5,lp4,,,
187.51458,MOT_mc_special_03,2-4,,
187.88120999999998,MOT_mc_special_03,sj4,,
188.28117,MOT_mc_special_03,4-1,,
188.54781,2,j1-2,,,
188.6478,MOT_mc_special_03,j1-2,,
188.91443999999998,3,j1-2,,,
188.9811,MOT_mc_special_03,lp2,,
189.28107,1,j3-4,,,
189.28107,2,j2-3,,,
189.28107,3,j2-3,,,
189.28107,4,j4-1,,,
189.28107,5,j4-1,,,
189.6477,1,lp4,,,
189.6477,2,lp3,,,
189.6477,3,lp3,,,
189.6477,4,lp1,,,
189.6477,5,lp1,,,
190.24764,1,4-1,r1,,
190.24764,2,3-4,lb1,,
190.24764,3,3-4,r3,,
190.24764,4,1-2,lb2,,
190.24764,5,1-2,r4,,
190.51427999999999,1,,r2,,
190.51427999999999,2,,lb0,,
190.51427999999999,3,,r4,,
190.51427999999999,4,,lb1,,
190.51427999999999,5,,r5,,
190.81425,1,1-2,,,
190.81425,2,4-1,,,
190.81425,3,4-1,,,
190.81425,4,2-3,,,
190.81425,5,2-3,,,
191.14755,1,lp2,,,
191.14755,2,lp1,,,
191.14755,3,lp1,,,
191.14755,4,lp3,,,
191.14755,5,lp3,,,
191.48085,1,2-3,rb1,,
191.48085,2,1-2,l1,,
191.48085,3,1-2,rb3,,
191.48085,4,3-4,l2,,
191.48085,5,3-4,rb4,,
192.18078,1,3-4,rb0,,
192.18078,2,2-3,l2,,
192.18078,3,2-3,rb2,,
192.18078,4,4-1,l3,,
192.18078,5,4-1,rb3,,
192.51407999999998,1,lp4,,,
192.51407999999998,2,lp3,,,
192.51407999999998,3,lp3,,,
192.51407999999998,4,lp1,,,
192.51407999999998,5,lp1,,,
192.84738,MOT_mc_special_03,2-3,,
192.91404,1,sj4,,,
193.24733999999998,4,sj1,,,
193.314,MOT_mc_special_03,lp3,,
193.41398999999998,1,w4,,,
193.54730999999998,5,sj1,,,
193.74729,4,w1,,,
193.84727999999998,2,j3-4,,,
194.04726,5,w1,,,
194.14724999999999,3,j3-4,,,
194.48055,1,lp4,,,
194.48055,2,lp4,,,
194.48055,3,lp4,,,
194.48055,4,lp1,,,
194.48055,5,lp1,,,
194.84717999999998,MOT_mc_special_03,3-2,,
195.48045,1,4-1,,,
195.48045,2,4-1,,,
195.48045,3,4-1,,,
195.48045,4,1-2,,,
195.48045,5,1-2,,,
195.88040999999998,1,1-2,l1,,
195.88040999999998,2,1-2,l3,,
195.88040999999998,3,1-2,rb1,,
195.88040999999998,4,2-3,l4,,
195.88040999999998,5,2-3,rb2,,
196.14704999999998,MOT_mc_special_03,2-1,,
196.44701999999998,1,,l2,,
196.44701999999998,2,,l4,,
196.44701999999998,3,,rb0,,
196.44701999999998,4,,l5,,
196.44701999999998,5,,rb1,,
196.51368,MOT_mc_special_03,lp1,,
196.81365,5,w3,,,
196.81365,4,w3,,,
196.81365,3,w2,,,
196.81365,2,w2,,,
196.81365,1,w2,,,
196.91364,1,2-3,lb1,,
196.91364,2,2-3,lb3,,
196.91364,3,2-3,r1,,
196.91364,4,3-4,lb4,,
196.91364,5,3-4,r2,,
197.24694,1,,lb0,,
197.24694,2,,lb2,,
197.24694,3,,r2,,
197.24694,4,,lb3,,
197.24694,5,,r3,,
197.54691,1,lp3,,,
197.54691,2,lp3,,,
197.54691,3,lp3,,,
197.54691,4,lp4,,,
197.54691,5,lp4,,,
198.51348,1,3-4,,,
198.51348,2,3-4,,,
198.51348,3,3-4,,,
198.51348,4,4-1,,,
198.51348,5,4-1,,,
198.78011999999998,MOT_mc_stage_color_00,b-flash,,
198.81345,MOT_mc_light_up_00,l3,,
198.81345,MOT_mc_light_center_00,l3,,
198.81345,MOT_mc_light_under_00,l2,,
198.81345,MOT_mc_speaker_00,l1,,
198.81345,MOT_mc_back_00,l2,,
198.81345,MOT_mc_special_01,l1,,
198.84678,1,lp4,,,
198.84678,2,lp4,,,
198.84678,3,lp4,,,
198.84678,4,lp1,,,
198.84678,5,lp1,,,
198.84678,MOT_mc_special_03,1-4,,
199.21340999999998,MOT_mc_special_03,sj4,,
199.61337,MOT_mc_special_03,4-1,,
199.94666999999998,2,j4-1,,,
199.98,MOT_mc_special_03,j1-2,,
200.27997,3,j4-1,,,
200.3133,MOT_mc_special_03,lp2,,
200.61327,1,j4-1,,,
200.61327,2,j1-2,,,
200.61327,3,j1-2,,,
200.61327,4,j1-2,,,
200.61327,5,j1-2,,,
200.94656999999998,1,lp1,,,
200.94656999999998,2,lp2,,,
200.94656999999998,3,lp2,,,
200.94656999999998,4,lp2,,,
200.94656999999998,5,lp2,,,
201.24653999999998,MOT_mc_special_03,2-4,,
201.47985,2,,lb1,,
201.47985,4,,lb2,,
201.47985,3,,rb1,,
201.47985,5,,rb2,,
201.47985,1,1-2,,,
201.47985,2,2-3,,,
201.47985,3,2-3,,,
201.47985,4,2-3,,,
201.47985,5,2-3,,,
201.61317,MOT_mc_special_03,sj4,,
201.84647999999999,1,sj2,,,
201.84647999999999,2,sj3,,,
201.84647999999999,3,sj3,,,
201.84647999999999,4,sj3,,,
201.84647999999999,5,sj3,,,
201.97979999999998,MOT_mc_stage_color_00,r-flash,,
202.01313,MOT_mc_special_03,lp4,,
202.27976999999998,2,,l2,,
202.27976999999998,4,,l3,,
202.27976999999998,3,,r2,,
202.27976999999998,5,,r3,,
202.27976999999998,1,2-3,,,
202.27976999999998,2,3-4,,,
202.27976999999998,3,3-4,,,
202.27976999999998,4,3-4,,,
202.27976999999998,5,3-4,,,
202.54640999999998,1,lp3,,,
202.54640999999998,2,lp4,,,
202.54640999999998,3,lp4,,,
202.54640999999998,4,lp4,,,
202.54640999999998,5,lp4,,,
203.07969,1,3-4,,,
203.07969,2,4-1,,,
203.07969,3,4-1,,,
203.07969,4,4-1,,,
203.07969,5,4-1,,,
203.37966,1,j4-1,,,
203.37966,2,j1-2,,,
203.37966,3,j1-2,,,
203.37966,4,j1-2,,,
203.37966,5,j1-2,,,
203.71295999999998,1,lp1,,,
203.71295999999998,2,lp2,,,
203.71295999999998,3,lp2,,,
203.71295999999998,4,lp2,,,
203.71295999999998,5,lp2,,,
204.07959,1,sj1,,,
204.07959,MOT_mc_special_03,4-3,,
204.34623,4,sj2,,,
204.54621,MOT_mc_special_03,lp3,,
204.57953999999998,1,w1,,,
204.6462,5,sj2,,,
204.84618,4,w2,,,
204.94617,2,j2-3,,,
205.14614999999998,5,w2,,,
205.24614,3,j2-3,,,
205.57943999999998,1,1-2,,,
205.57943999999998,2,3-4,,,
205.57943999999998,3,3-4,,,
205.57943999999998,4,2-3,,,
205.57943999999998,5,2-3,,,
205.91273999999999,1,lp2,,,
205.91273999999999,2,lp4,,,
205.91273999999999,3,lp4,,,
205.91273999999999,4,lp3,,,
205.91273999999999,5,lp3,,,
206.37936,MOT_mc_special_03,3-2,,
206.67933,1,2-3,,,
206.67933,2,4-1,,,
206.67933,3,4-1,,,
206.67933,4,3-4,,,
206.67933,5,3-4,,,
207.07929,1,3-4,l1,,
207.07929,2,1-2,l3,,
207.07929,3,1-2,rb1,,
207.07929,4,4-1,l4,,
207.07929,5,4-1,rb2,,
207.47924999999998,1,,l2,,
207.47924999999998,2,,l4,,
207.47924999999998,3,,rb0,,
207.47924999999998,4,,l5,,
207.47924999999998,5,,rb1,,
207.74589,MOT_mc_special_03,2-1,,
208.01253,5,w1,,,
208.01253,4,w1,,,
208.01253,3,w2,,,
208.01253,2,w2,,,
208.01253,1,w4,,,
208.11252,MOT_mc_special_03,lp1,,
208.14585,1,4-1,lb1,,
208.14585,2,2-3,lb3,,
208.14585,3,2-3,r1,,
208.14585,4,1-2,lb4,,
208.14585,5,1-2,r2,,
208.51247999999998,1,lp1,lb0,,
208.51247999999998,2,lp3,lb2,,
208.51247999999998,3,lp3,r2,,
208.51247999999998,4,lp2,lb3,,
208.51247999999998,5,lp2,r3,,
209.04576,1,j1-2,,,
209.04576,2,j3-4,,,
209.04576,3,j3-4,,,
209.04576,4,j2-3,,,
209.04576,5,j2-3,,,
209.41239,1,lp2,,,
209.41239,2,lp4,,,
209.41239,3,lp4,,,
209.41239,4,lp3,,,
209.41239,5,lp3,,,
209.97899999999998,1,2-3,,,
209.97899999999998,2,4-1,,,
209.97899999999998,3,4-1,,,
209.97899999999998,4,3-4,,,
209.97899999999998,5,3-4,,,
210.01233,MOT_mc_bg_black_00,b0-20,,
210.01233,MOT_mc_special_03,1-2,,
210.07899,MOT_mc_stage_color_00,y-flash,,
210.3123,1,lp3,,,
210.3123,2,lp1,,,
210.3123,3,lp1,,,
210.3123,4,lp4,,,
210.3123,5,lp4,,,
210.37895999999998,MOT_mc_special_03,lp2,,
211.27886999999998,2,1-2,,,
211.27886999999998,3,1-2,,,
211.51218,MOT_mc_bg_black_00,b20-0,,
211.54550999999998,MOT_mc_stage_color_00,b-flash,,
211.57883999999999,1,3-4,,,
211.57883999999999,4,4-1,,,
211.57883999999999,5,4-1,,,
211.91214,2,j2-3,,,
211.91214,3,j2-3,,,
212.21211,1,j4-1,,,
212.21211,4,j1-2,,,
212.21211,5,j1-2,,,
212.77872,2,j3-4,,,
212.87870999999998,3,j3-4,,,
212.9787,4,2-3,,b0,
213.04536,5,2-3,,b0,
213.11202,1,1-2,,b1,
213.44531999999998,MOT_mc_special_03,2-3,,
213.6453,1,2-3,,,
213.6453,2,4-1,,,
213.6453,3,4-1,,,
213.6453,4,3-4,,,
213.6453,5,3-4,,,
213.9786,1,j3-4,,,
213.9786,2,j1-2,,,
213.9786,3,j1-2,,,
213.9786,4,j4-1,,,
213.9786,5,j4-1,,,
214.04525999999998,MOT_mc_stage_color_00,b-flash,,
215.04515999999998,5,w1,,,
215.04515999999998,4,w1,,,
215.04515999999998,3,w2,,,
215.04515999999998,2,w2,,,
215.04515999999998,1,w4,,,