0.03333,MOT_mc_bg_black_00,seat100-0,,
0.03333,MOT_mc_special_01,stay,,
0.03333,MOT_mc_special_02,stay,,
0.03333,MOT_mc_light_center_00,off,,
0.03333,MOT_control_all,stay,,
0.03333,1,,,,D60
0.03333,2,,,,D60
0.03333,3,,,,D60
0.03333,4,,,,D60
0.03333,5,,,,D60
0.03333,MOT_all,cut1,,
1.7331599999999998,MOT_mc_special_02,cut2_01,,
1.7331599999999998,MOT_all,cut2,,
1.76649,MOT_mc_bg_black_00,b80-65,,
1.86648,1,,,,D40
1.86648,2,,,,D40
1.86648,3,,,,D40
1.86648,4,,,,D40
1.86648,5,,,,D40
1.86648,1,1-2,,,
1.86648,2,1-2,,,
1.86648,3,1-2,,,
1.86648,4,1-2,,,
1.86648,5,1-2,,,
1.89981,MOT_mc_stage_color_00,r-flash,,
2.53308,1,2-3,,,
2.53308,2,2-3,,,
2.53308,3,2-3,,,
2.53308,4,2-3,,,
2.53308,5,2-3,,,
2.7997199999999998,MOT_control_all,zoom1,,
2.7997199999999998,4,,,,L0
2.7997199999999998,1,sort,-300,
2.7997199999999998,2,sort,-300,
2.7997199999999998,3,sort,-300,
2.7997199999999998,5,sort,-300,
2.7997199999999998,4,3-4,,f1,
2.89971,MOT_mc_stage_color_00,b-flash,,
3.1330199999999997,4,j4-1,,,
3.4663199999999996,5,w3,,,
3.4663199999999996,3,w3,,,
3.4663199999999996,2,w3,,,
3.4663199999999996,1,w3,,,
3.6662999999999997,MOT_control_all,zoom2,,
3.6662999999999997,4,,,,D40
3.6662999999999997,1,3-4,,,
3.6662999999999997,2,3-4,,,
3.6662999999999997,3,3-4,,,
3.6662999999999997,4,1-2,,b0,
3.6662999999999997,5,3-4,,,
4.4328899999999996,1,4-1,,,
4.4328899999999996,2,4-1,,,
4.4328899999999996,3,4-1,,,
4.4328899999999996,4,2-3,,,
4.4328899999999996,5,4-1,,,
4.799519999999999,MOT_control_all,zoom3,,
4.799519999999999,5,,,,L0
4.799519999999999,1,sort,-300,
4.799519999999999,2,sort,-300,
4.799519999999999,3,sort,-300,
4.799519999999999,4,sort,-300,
4.799519999999999,5,1-2,,f1,
4.86618,MOT_mc_stage_color_00,r-flash,,
5.13282,5,j2-3,,,
5.36613,4,w3,,,
5.36613,3,w1,,,
5.36613,2,w1,,,
5.36613,1,w1,,,
5.6661,MOT_control_all,zoom4,,
5.6661,5,,,,D40
5.6661,1,1-2,,,
5.6661,2,1-2,,,
5.6661,3,1-2,,,
5.6661,4,3-4,,,
5.6661,5,3-4,,b0,
6.39936,1,2-3,,,
6.39936,2,2-3,,,
6.39936,3,2-3,,,
6.39936,4,4-1,,,
6.39936,5,4-1,,,
6.73266,MOT_control_all,zoom5,,
6.73266,1,,,,L0
6.73266,2,sort,-300,
6.73266,3,sort,-300,
6.73266,4,sort,-300,
6.73266,5,sort,-300,
6.73266,1,3-4,,f1,
6.83265,MOT_mc_stage_color_00,b-flash,,
7.06596,1,j4-1,,,
7.332599999999999,5,w1,,,
7.332599999999999,4,w1,,,
7.332599999999999,3,w3,,,
7.332599999999999,2,w3,,,
7.59924,MOT_control_all,zoom6,,
7.59924,1,,,,D40
7.59924,1,1-2,,b0,
7.8325499999999995,2,3-4,,,
7.8325499999999995,3,3-4,,,
8.065859999999999,4,1-2,,,
8.065859999999999,5,1-2,,,
8.3325,1,2-3,,,
8.3325,2,4-1,,,
8.3325,3,4-1,,,
8.63247,1,3-4,,,
8.63247,2,1-2,,,
8.63247,3,1-2,,,
8.63247,4,2-3,,,
8.63247,5,2-3,,,
8.69913,MOT_mc_stage_color_00,r-flash,,
8.89911,MOT_mc_bg_black_00,b65-0,,
8.89911,MOT_mc_special_01,cut1_01,,
8.89911,MOT_mc_special_02,cut2_02,,
8.89911,MOT_mc_light_center_00,on,,
8.89911,MOT_all,cut3,,
8.96577,MOT_mc_stage_color_00,b-flash,,
8.96577,1,,,,L20
8.96577,2,,,,L20
8.96577,3,,,,L20
8.96577,4,,,,L20
8.96577,5,,,,L20
8.96577,1,hj4,,,
8.96577,2,hj2,,,
8.96577,3,hj2,,,
8.96577,4,hj3,,,
8.96577,5,hj3,,,
8.9991,MOT_control_all,zoom7,,
9.53238,MOT_mc_light_center_00,stay,,
9.53238,MOT_mc_light_under_00,l3,,
9.53238,1,4-1,,,
9.53238,2,2-3,,,
9.53238,3,2-3,,,
9.53238,4,3-4,,,
9.53238,5,3-4,,,
9.56571,MOT_mc_stage_color_00,b-flash,,
9.799019999999999,4,4-1,,,
9.86568,2,3-4,,,
9.93234,1,1-2,,,
9.998999999999999,3,3-4,,,
10.06566,5,4-1,,,
10.43229,1,j2-3,,,
10.43229,2,j4-1,,,
10.43229,3,j4-1,,,
10.43229,4,j1-2,,,
10.43229,5,j1-2,,,
10.998899999999999,1,3-4,,,
10.998899999999999,2,1-2,,,
10.998899999999999,3,1-2,,,
10.998899999999999,4,2-3,,,
10.998899999999999,5,2-3,,,
11.49885,1,4-1,,,
11.49885,2,2-3,,,
11.49885,3,2-3,,,
11.49885,4,3-4,,,
11.49885,5,3-4,,,
11.53218,MOT_mc_stage_color_00,y-flash,,
11.832149999999999,1,lp1,,,
11.832149999999999,2,lp3,,,
11.832149999999999,3,lp3,,,
11.832149999999999,4,lp4,,,
11.832149999999999,5,lp4,,,
12.36543,1,1-2,,,
12.36543,2,3-4,,,
12.36543,3,3-4,,,
12.36543,4,4-1,,,
12.36543,5,4-1,,,
12.86538,4,j1-2,,,
12.86538,5,j1-2,,,
13.09869,2,j4-1,,,
13.09869,3,j4-1,,,
13.29867,1,w2,,,
13.36533,MOT_mc_stage_color_00,b-flash,,
13.39866,1,j2-3,,,
13.6653,2,j1-2,,,
13.6653,3,j1-2,,,
13.6653,4,j2-3,,,
13.6653,5,j2-3,,,
14.13192,1,3-4,,,
14.13192,2,2-3,,,
14.13192,3,2-3,,,
14.13192,4,3-4,,,
14.13192,5,3-4,,,
14.365229999999999,MOT_mc_stage_color_00,b-flash,,
14.73186,1,sp4-1,,,
14.73186,2,sp3-4,,,
14.73186,3,sp3-4,,,
14.73186,4,sp4-1,,,
14.73186,5,sp4-1,,,
15.265139999999999,1,j1-2,,,
15.265139999999999,4,j1-2,,,
15.265139999999999,5,j1-2,,,
15.29847,MOT_mc_stage_color_00,r-flash,,
15.53178,2,j4-1,,,
15.53178,3,j4-1,,,
15.9984,1,hj2,,,
15.9984,2,hj1,,,
15.9984,3,hj1,,,
15.9984,4,hj2,,,
15.9984,5,hj2,,,
16.03173,MOT_mc_stage_color_00,y-flash,,
16.665,1,j2-3,,,
16.665,2,j1-2,,,
16.665,3,j1-2,,,
16.665,4,j2-3,,,
16.665,5,j2-3,,,
16.69833,MOT_mc_stage_color_00,b-flash,,
17.131619999999998,MOT_mc_bg_black_00,b0-65,,
17.131619999999998,MOT_all,cut4,,
17.164949999999997,MOT_mc_stage_color_00,r-flash,,
17.164949999999997,MOT_control_all,zoom8,,
17.164949999999997,2,,,,L0
17.164949999999997,1,sort,-300,
17.164949999999997,3,sort,-300,
17.164949999999997,4,sort,-300,
17.164949999999997,5,sort,-300,
17.164949999999997,2,2-3,,f1,
17.531579999999998,2,j3-4,,,
17.731559999999998,5,w3,,,
17.731559999999998,4,w3,,,
17.731559999999998,3,w2,,,
17.731559999999998,1,w3,,,
18.06486,2,4-1,,,
18.39816,2,lp1,,,
18.564809999999998,MOT_control_all,zoom9,,
18.564809999999998,4,,,,L0
18.564809999999998,1,sort,-300,
18.564809999999998,3,sort,-300,
18.564809999999998,5,sort,-300,
18.564809999999998,4,3-4,,f1,
18.63147,MOT_mc_stage_color_00,b-flash,,
18.93144,4,4-1,,,
19.26474,4,lp1,,,
19.49805,MOT_control_all,zoom10,,
19.49805,2,1-2,r1,,
19.53138,MOT_mc_stage_color_00,r-flash,,
19.93134,4,,,,D20
19.93134,1,sort,-300,
19.93134,3,sort,-300,
19.93134,4,sort,-300,
19.93134,5,sort,-300,
19.93134,2,2-3,,,
19.93134,4,1-2,,b0,
20.43129,2,3-4,rb0,,
20.86458,4,w2,,,
21.06456,2,4-1,l1,,
21.13122,MOT_mc_stage_color_00,b-flash,,
21.96447,2,1-2,,,
22.29777,2,lp2,,,
22.46442,MOT_control_all,zoom11,,
22.46442,1,,,,L0
22.46442,3,sort,-300,
22.46442,4,sort,-300,
22.46442,5,sort,-300,
22.46442,1,3-4,,f1,
22.49775,MOT_mc_stage_color_00,r-flash,,
22.9977,1,4-1,,,
23.29767,MOT_control_all,zoom12,,
23.29767,2,2-3,,,
23.331,MOT_mc_stage_color_00,b-flash,,
23.630969999999998,2,hj3,,,
23.73096,1,,,,D20
23.73096,1,sort,-300,
23.73096,3,sort,-300,
23.73096,4,sort,-300,
23.73096,5,sort,-300,
23.73096,1,1-2,,b0,
24.19758,2,3-4,lb0,,
24.59754,2,4-1,,,
24.664199999999997,1,w2,,,
24.93084,MOT_control_all,zoom13,,
24.93084,2,,,,D20
24.93084,3,,,,L0
24.93084,1,sort,-300,
24.93084,2,sort,-300,
24.93084,4,sort,-300,
24.93084,5,sort,-300,
24.93084,2,1-2,,b0,
24.93084,3,2-3,,f1,
24.96417,MOT_mc_stage_color_00,r-flash,,
25.29747,3,j3-4,,,
25.73076,3,4-1,,,
25.864079999999998,2,w2,,,
26.064059999999998,3,lp1,,,
26.36403,MOT_control_all,zoom14,,
26.36403,5,,,,L0
26.36403,1,sort,-300,
26.36403,2,sort,-300,
26.36403,4,sort,-300,
26.36403,5,3-4,,f1,
26.43069,MOT_mc_stage_color_00,b-flash,,
26.83065,5,4-1,,,
27.16395,MOT_control_all,zoom15,,
27.16395,3,1-2,l1,,
27.16395,5,lp1,,,
27.23061,MOT_mc_stage_color_00,r-flash,,
27.663899999999998,5,,,,D20
27.663899999999998,1,sort,-300,
27.663899999999998,2,sort,-300,
27.663899999999998,4,sort,-300,
27.663899999999998,5,sort,-300,
27.663899999999998,3,j2-3,,,
27.663899999999998,5,1-2,,b0,
28.23051,3,3-4,lb0,,
28.59714,5,w2,,,
28.79712,3,4-1,,,
28.83045,MOT_mc_stage_color_00,b-flash,,
29.130419999999997,3,1-2,r1,,
29.46372,3,2-3,,,
30.130319999999998,3,j3-4,,,
30.730259999999998,3,4-1,rb0,,
30.763589999999997,MOT_mc_stage_color_00,b-flash,,
31.03023,3,1-2,,,
31.39686,3,hj2,,,
31.43019,1,j2-3,,,
31.43019,2,j2-3,,,
31.43019,4,j2-3,,,
31.43019,5,j2-3,,,
31.46352,MOT_mc_stage_color_00,b-flash,,
32.09679,MOT_mc_bg_black_00,b65-45,,
32.13012,MOT_control_all,zoom16,,
32.13012,1,,,,L0
32.13012,3,,,,D20
32.13012,2,sort,-300,
32.13012,3,sort,-300,
32.13012,4,sort,-300,
32.13012,5,sort,-300,
32.13012,1,3-4,,f1,
32.13012,2,3-4,,,
32.13012,3,2-3,,b0,
32.13012,4,3-4,,,
32.13012,5,3-4,,,
32.16345,MOT_mc_stage_color_00,y-flash,,
32.59674,1,4-1,l1,,
32.663399999999996,MOT_mc_stage_color_00,b-flash,,
32.93004,1,j1-2,,,
33.063359999999996,5,w4,,,
33.063359999999996,4,w4,,,
33.063359999999996,3,w3,,,
33.063359999999996,2,w4,,,
33.42999,1,2-3,,,
33.72996,1,3-4,,,
34.12992,1,hj4,,,
34.663199999999996,1,4-1,lb0,,
34.696529999999996,MOT_mc_stage_color_00,y-flash,,
35.42979,1,1-2,,,
35.82975,MOT_control_all,zoom17,,
35.82975,2,4-1,,,
35.896409999999996,MOT_mc_stage_color_00,r-flash,,
36.296369999999996,MOT_control_all,zoom18,,
36.296369999999996,1,,,,D20
36.296369999999996,4,,,,L0
36.296369999999996,1,sort,-300,
36.296369999999996,2,sort,-300,
36.296369999999996,3,sort,-300,
36.296369999999996,5,sort,-300,
36.296369999999996,1,2-3,,b0,
36.296369999999996,4,4-1,,f1,
36.329699999999995,MOT_mc_stage_color_00,b-flash,,
36.729659999999996,4,j1-2,,,
36.762989999999995,2,w1,,,
36.82965,MOT_mc_stage_color_00,r-flash,,
37.22961,1,w3,,,
37.22961,4,2-3,r1,,
37.562909999999995,4,3-4,,,
37.929539999999996,4,hj4,,,
38.49615,4,4-1,,,
38.56281,MOT_mc_stage_color_00,b-flash,,
38.82945,4,1-2,rb0,,
39.29607,4,j2-3,,,
39.6627,MOT_control_all,zoom19,,
39.6627,3,3-4,,,
39.76269,MOT_mc_stage_color_00,r-flash,,
40.19598,MOT_control_all,zoom20,,
40.19598,4,,,,D20
40.19598,5,,,,L0
40.19598,1,sort,-300,
40.19598,2,sort,-300,
40.19598,3,sort,-300,
40.19598,4,sort,-300,
40.19598,4,3-4,,b0,
40.19598,5,4-1,,f1,
40.22931,MOT_mc_stage_color_00,b-flash,,
40.59594,3,w4,,,
40.72926,5,j1-2,,,
41.12922,4,w4,,,
41.3292,5,2-3,l1,,
41.39586,MOT_mc_stage_color_00,b-flash,,
41.82915,5,j3-4,,,
42.46242,5,hj4,,,
42.52908,MOT_mc_stage_color_00,r-flash,,
43.229009999999995,5,4-1,lb0,,
43.36233,MOT_mc_stage_color_00,b-flash,,
43.56231,5,lp1,,,
44.09559,MOT_control_all,zoom21,,
44.09559,5,,,,D20
44.09559,1,j3-4,,,
44.09559,2,j1-2,,,
44.09559,3,j4-1,,,
44.09559,4,j4-1,,,
44.09559,5,1-2,,b0,
44.12892,MOT_mc_bg_black_00,b45-20,,
44.12892,MOT_all,cut5,,
44.16225,MOT_mc_stage_color_00,b-flash,,
44.62887,1,4-1,,,
44.62887,2,2-3,,,
44.62887,3,1-2,,,
44.62887,4,1-2,,,
44.62887,5,2-3,,,
45.195479999999996,1,j1-2,,,
45.195479999999996,4,j2-3,,,
45.195479999999996,5,j3-4,,,
45.228809999999996,MOT_mc_stage_color_00,b-flash,,
45.49545,2,j3-4,,,
45.49545,3,j2-3,,,
46.16205,1,sp2-3,,,
46.16205,2,sp4-1,,,
46.16205,3,sp3-4,,,
46.16205,4,sp3-4,,,
46.16205,5,sp4-1,,,
46.22871,MOT_mc_stage_color_00,r-flash,,
47.09529,1,j3-4,,,
47.09529,2,j1-2,,,
47.09529,3,j4-1,,,
47.09529,4,j4-1,,,
47.09529,5,j1-2,,,
47.12862,MOT_mc_stage_color_00,b-flash,,
47.59524,1,lp4,,,
47.59524,2,lp2,,,
47.59524,3,lp1,,,
47.59524,4,lp1,,,
47.59524,5,lp2,,,
48.19518,MOT_mc_bg_black_00,b20-65,,
48.19518,MOT_all,cut6,,
48.26184,4,j1-2,,,
48.39516,MOT_mc_stage_color_00,b-flash,,
48.56181,1,j4-1,,,
48.56181,2,j2-3,,,
48.56181,3,j1-2,,,
48.76179,MOT_mc_stage_color_00,y-flash,,
48.861779999999996,5,j2-3,,,
49.12842,MOT_mc_stage_color_00,r-flash,,
49.328399999999995,4,w2,,,
49.328399999999995,MOT_control_all,zoom22,,
49.328399999999995,2,,,,L0
49.328399999999995,3,,,,L0
49.328399999999995,1,sort,-300,
49.328399999999995,4,sort,-300,
49.328399999999995,5,sort,-300,
49.328399999999995,2,3-4,,f1,
49.328399999999995,3,2-3,,f1,
49.62837,1,w1,,,
49.86168,2,j4-1,,,
49.86168,3,j3-4,,,
49.92834,5,w3,,,
49.995,MOT_mc_bg_black_00,b65-0,,
49.995,MOT_mc_light_center_00,sabi,,
49.995,MOT_mc_light_under_00,l2,,
49.995,MOT_all,cut7,,
50.02833,MOT_mc_stage_color_00,b-flash,,
50.26164,MOT_control_all,zoom23,,
50.26164,1,,,,L0
50.26164,2,,,,D20
50.26164,3,,,,D20
50.26164,4,,,,L0
50.26164,5,,,,L0
50.26164,2,sort,-300,
50.26164,3,sort,-300,
50.26164,1,1-2,,f1,
50.26164,2,1-2,,b0,
50.26164,3,4-1,,b0,
50.26164,4,2-3,,f1,
50.26164,5,3-4,,f1,
50.59494,1,2-3,,,
50.59494,4,3-4,,,
50.59494,5,4-1,,,
50.9949,5,1-2,,,
51.19488,3,w1,,,
51.19488,2,w2,,,
51.19488,1,3-4,,,
51.394859999999994,4,4-1,,,
51.6615,1,4-1,,,
51.92814,5,w2,,,
51.9948,1,1-2,r1,,
51.9948,4,1-2,r1,,
51.9948,5,2-3,r1,,
52.161449999999995,MOT_mc_stage_color_00,r-flash,,
52.3281,1,2-3,,,
52.3281,4,2-3,,,
52.3281,5,3-4,,,
52.69473,1,3-4,rb0,,
52.69473,2,2-3,,,
52.69473,3,1-2,,,
52.69473,4,3-4,rb0,,
52.69473,5,4-1,rb0,,
52.79472,MOT_mc_stage_color_00,b-flash,,
53.22801,4,4-1,,,
53.22801,5,1-2,,,
53.49465,1,4-1,,,
53.62797,3,w2,,,
53.62797,2,w3,,,
53.86128,1,hj1,,,
54.161249999999995,5,w2,,,
54.161249999999995,4,w1,,,
54.227909999999994,4,j1-2,,,
54.46122,5,j2-3,,,
54.76119,1,1-2,,,
54.76119,4,2-3,,,
54.76119,5,3-4,,,
55.22781,4,3-4,,,
55.361129999999996,1,2-3,,,
55.49445,5,4-1,,,
55.761089999999996,1,j3-4,,,
55.761089999999996,2,3-4,,,
55.761089999999996,3,2-3,,,
55.761089999999996,4,j4-1,,,
55.761089999999996,5,j1-2,,,
55.89441,MOT_mc_stage_color_00,b-flash,,
56.227709999999995,1,4-1,,,
56.227709999999995,4,1-2,,,
56.227709999999995,5,2-3,,,
56.261039999999994,MOT_mc_stage_color_00,y-flash,,
56.49435,1,1-2,,,
56.49435,2,4-1,,,
56.49435,3,3-4,,,
56.49435,4,2-3,,,
56.49435,5,3-4,,,
56.627669999999995,MOT_mc_stage_color_00,b-flash,,
57.060959999999994,MOT_control_all,zoom24,,
57.060959999999994,1,,,,D20
57.060959999999994,2,,,,L0
57.060959999999994,3,,,,L0
57.060959999999994,4,,,,D20
57.060959999999994,5,,,,D20
57.060959999999994,1,sort,-300,
57.060959999999994,4,sort,-300,
57.060959999999994,5,sort,-300,
57.060959999999994,1,2-3,,b0,
57.060959999999994,2,1-2,,f1,
57.060959999999994,3,4-1,,f1,
57.060959999999994,4,3-4,,b0,
57.060959999999994,5,4-1,,b0,
57.16095,MOT_mc_stage_color_00,b-flash,,
57.52758,1,3-4,,,
57.52758,2,hj2,,,
57.52758,3,hj1,,,
57.52758,4,4-1,,,
57.52758,5,1-2,,,
57.72756,MOT_mc_stage_color_00,r-flash,,
58.09419,MOT_control_all,zoom25,,
58.09419,1,,,,L0
58.09419,2,,,,D20
58.09419,3,,,,D20
58.09419,4,,,,L0
58.09419,5,,,,L0
58.09419,2,sort,-300,
58.09419,3,sort,-300,
58.09419,1,4-1,,f1,
58.09419,2,2-3,,b0,
58.09419,3,1-2,,b0,
58.09419,4,1-2,,f1,
58.09419,5,2-3,,f1,
58.49415,1,1-2,,,
58.49415,4,2-3,,,
58.49415,5,3-4,,,
59.027429999999995,3,w2,,,
59.027429999999995,2,w3,,,
59.16075,1,j2-3,,,
59.16075,4,j3-4,,,
59.16075,5,j4-1,,,
59.69403,1,3-4,l1,,
59.69403,2,3-4,,,
59.69403,3,2-3,,,
59.69403,4,4-1,l1,,
59.69403,5,1-2,l1,,
59.76069,MOT_mc_stage_color_00,b-flash,,
60.02733,1,j4-1,,,
60.02733,4,j1-2,,,
60.02733,5,j2-3,,,
60.12732,MOT_mc_stage_color_00,y-flash,,
60.46062,1,1-2,lb0,,
60.46062,2,4-1,,,
60.46062,3,3-4,,,
60.46062,4,2-3,lb0,,
60.46062,5,3-4,lb0,,
60.49395,MOT_mc_stage_color_00,b-flash,,
60.92724,MOT_control_all,zoom26,,
60.92724,1,,,,D20
60.92724,2,,,,L0
60.92724,4,,,,D20
60.92724,5,,,,D20
60.92724,1,sort,-300,
60.92724,3,sort,-300,
60.92724,4,sort,-300,
60.92724,5,sort,-300,
60.92724,1,2-3,,b0,
60.92724,2,1-2,,f1,
60.92724,4,3-4,,b0,
60.92724,5,4-1,,b0,
61.3272,2,j2-3,,,
61.39386,3,w4,,,
61.493849999999995,MOT_mc_stage_color_00,b-flash,,
61.860479999999995,5,w1,,,
61.860479999999995,4,w4,,,
61.860479999999995,1,w3,,,
61.927139999999994,MOT_control_all,zoom27,,
61.927139999999994,2,,,,D20
61.927139999999994,5,,,,L0
61.927139999999994,1,sort,-300,
61.927139999999994,2,sort,-300,
61.927139999999994,3,sort,-300,
61.927139999999994,4,sort,-300,
61.927139999999994,2,3-4,,b0,
61.927139999999994,5,1-2,,f1,
62.327099999999994,5,j2-3,,,
62.39376,MOT_mc_stage_color_00,r-flash,,
62.86038,2,w4,,,
62.92704,MOT_control_all,zoom28,,
62.92704,3,,,,L0
62.92704,5,,,,D20
62.92704,1,sort,-300,
62.92704,2,sort,-300,
62.92704,4,sort,-300,
62.92704,5,sort,-300,
62.92704,3,4-1,,f1,
62.92704,5,3-4,,b0,
63.39366,3,j1-2,,,
63.560309999999994,MOT_mc_stage_color_00,b-flash,,
63.860279999999996,5,w4,,,
63.893609999999995,MOT_control_all,zoom29,,
63.926939999999995,3,,,,D20
63.926939999999995,4,,,,L0
63.926939999999995,1,sort,-300,
63.926939999999995,2,sort,-300,
63.926939999999995,3,sort,-300,
63.926939999999995,5,sort,-300,
63.926939999999995,3,2-3,,b0,
63.926939999999995,4,4-1,,f1,
64.36023,4,j1-2,,,
64.49355,MOT_mc_stage_color_00,r-flash,,
64.79352,MOT_control_all,zoom30,,
64.79352,1,,,,L0
64.79352,4,,,,D20
64.79352,2,sort,-300,
64.79352,3,sort,-300,
64.79352,4,sort,-300,
64.79352,5,sort,-300,
64.79352,1,3-4,,f1,
64.79352,4,2-3,,b0,
64.86018,3,w3,,,
64.92684,MOT_mc_stage_color_00,b-flash,,
65.46012,1,hj4,,,
65.59344,MOT_mc_stage_color_00,b-flash,,
65.72676,4,w3,,,
66.26004,1,sp4-1,,,
66.26004,2,4-1,,,
66.26004,3,3-4,,,
66.26004,4,3-4,,,
66.26004,5,4-1,,,
66.56000999999999,2,lp1,,,
66.56000999999999,3,lp4,,,
66.56000999999999,4,lp4,,,
66.56000999999999,5,lp1,,,
66.62666999999999,MOT_mc_stage_color_00,r-flash,,
67.25994,1,j1-2,,,
67.25994,2,1-2,,,
67.25994,3,4-1,,,
67.25994,4,4-1,,,
67.25994,5,1-2,,,
67.49325,MOT_mc_stage_color_00,b-flash,,
67.85988,MOT_control_all,zoom30_1,,
67.85988,1,,,,D20
67.85988,1,2-3,,b0,
67.85988,2,j2-3,,,
67.85988,3,j1-2,,,
67.85988,4,j1-2,,,
67.85988,5,j2-3,,,
68.45982,4,j2-3,,,
68.45982,5,j3-4,,,
68.52647999999999,MOT_mc_stage_color_00,b-flash,,
68.72646,2,j3-4,,,
68.72646,3,j2-3,,,
68.79312,1,w3,,,
68.82645,MOT_mc_stage_color_00,y-flash,,
69.02642999999999,1,j3-4,,,
69.15975,MOT_mc_stage_color_00,r-flash,,
69.42639,MOT_control_all,zoom31,,
69.42639,1,sp4-1,,,
69.42639,2,sp4-1,,,
69.42639,3,sp3-4,,,
69.42639,4,sp3-4,,,
69.42639,5,sp4-1,,,
69.49305,MOT_mc_stage_color_00,b-flash,,
71.25954,2,j1-2,,,
71.25954,3,j4-1,,,
71.39286,MOT_mc_stage_color_00,b-flash,,
71.59284,1,j1-2,,,
71.59284,4,j4-1,,,
71.59284,5,j1-2,,,
71.75949,MOT_mc_stage_color_00,r-flash,,
72.02613,1,2-3,,,
72.02613,2,2-3,,,
72.02613,3,1-2,,,
72.02613,4,1-2,,,
72.02613,5,2-3,,,
72.12612,MOT_mc_stage_color_00,y-flash,,
72.79272,1,j3-4,,,
72.79272,2,j3-4,,,
72.79272,3,j2-3,,,
72.79272,4,j2-3,,,
72.79272,5,j3-4,,,
72.82605,MOT_mc_light_center_00,stay,,
73.15935,MOT_mc_bg_black_00,b0-45,,
73.15935,MOT_all,cut8,,
73.326,1,,,,D40
73.326,2,,,,D40
73.326,3,,,,D40
73.326,4,,,,D40
73.326,5,,,,D40
73.326,1,4-1,,,
73.326,4,3-4,,,
73.326,5,4-1,,,
73.35933,MOT_mc_stage_color_00,b-flash,,
73.62597,2,j4-1,,,
73.82594999999999,3,j3-4,,,
74.02593,1,j1-2,,,
74.02593,4,j4-1,,,
74.02593,5,j1-2,,,
74.05926,MOT_mc_stage_color_00,b-flash,,
74.55921,1,2-3,,,
74.55921,2,1-2,,,
74.55921,3,4-1,,,
74.55921,4,1-2,,,
74.55921,5,2-3,,,
74.59254,MOT_mc_stage_color_00,r-flash,,
75.19248,1,3-4,,,
75.19248,4,2-3,,,
75.19248,5,3-4,,,
75.3258,MOT_mc_stage_color_00,b-flash,,
75.49244999999999,3,w1,,,
75.49244999999999,2,w2,,,
75.59244,3,j1-2,,,
75.79241999999999,2,j2-3,,,
75.9924,1,j4-1,,,
75.9924,4,j3-4,,,
75.9924,5,j4-1,,,
76.05906,MOT_mc_stage_color_00,b-flash,,
76.42569,1,1-2,,,
76.42569,2,3-4,,,
76.42569,3,2-3,,,
76.42569,4,4-1,,,
76.42569,5,1-2,,,
76.45902,MOT_mc_stage_color_00,r-flash,,
77.15894999999999,1,2-3,,,
77.15894999999999,2,4-1,,,
77.15894999999999,3,3-4,,,
77.15894999999999,4,1-2,,,
77.15894999999999,5,2-3,,,
77.25894,MOT_mc_stage_color_00,b-flash,,
77.49225,1,lp3,,,
77.49225,2,lp1,,,
77.49225,3,lp4,,,
77.49225,4,lp2,,,
77.49225,5,lp3,,,
77.95886999999999,4,sp2-3,,,
77.9922,MOT_mc_stage_color_00,y-flash,,
78.12552,2,sp1-2,,,
78.29217,1,sp3-4,,,
78.45882,3,sp4-1,,,
78.52548,MOT_mc_stage_color_00,r-flash,,
78.62546999999999,5,sp3-4,,,
78.9921,1,j4-1,,,
78.9921,2,j2-3,,,
78.9921,3,j1-2,,,
78.9921,4,j3-4,,,
78.9921,5,j4-1,,,
79.05875999999999,MOT_mc_stage_color_00,b-flash,,
79.39206,1,1-2,,,
79.39206,4,4-1,,,
79.39206,5,1-2,,,
79.79202,1,j2-3,,,
79.79202,2,j3-4,,,
79.79202,3,j2-3,,,
79.79202,4,j1-2,,,
79.79202,5,j2-3,,,
79.82535,MOT_mc_stage_color_00,b-flash,,
80.25864,MOT_control_all,zoom32,,
80.25864,2,,,,L0
80.25864,3,,,,L0
80.25864,1,sort,-300,
80.25864,4,sort,-300,
80.25864,5,sort,-300,
80.25864,2,4-1,,f1,
80.25864,3,3-4,,f1,
80.39196,MOT_mc_stage_color_00,r-flash,,
80.72525999999999,1,3-4,,,
80.72525999999999,2,j1-2,,,
80.72525999999999,3,j4-1,,,
80.72525999999999,4,2-3,,,
80.72525999999999,5,3-4,,,
80.89191,MOT_mc_bg_black_00,b45-0,,
80.89191,MOT_mc_light_center_00,sabi,,
80.89191,MOT_mc_light_under_00,l1,,
80.89191,1,,,,L20
80.89191,4,,,,L20
80.89191,5,,,,L20
80.89191,MOT_all,cut9,,
80.9919,MOT_mc_stage_color_00,b-flash,,
81.19188,MOT_control_all,zoom33,,
81.19188,1,,,,L0
81.19188,2,,,,D20
81.19188,3,,,,D20
81.19188,4,,,,L0
81.19188,5,,,,L0
81.19188,2,sort,-300,
81.19188,3,sort,-300,
81.19188,1,4-1,,f1,
81.19188,2,2-3,,b0,
81.19188,3,1-2,,b0,
81.19188,4,3-4,,f1,
81.19188,5,4-1,,f1,
81.49185,1,1-2,,,
81.49185,4,4-1,,,
81.49185,5,1-2,,,
81.85848,1,hj2,,,
81.85848,4,hj1,,,
81.85848,5,hj2,,,
82.12512,3,w2,,,
82.12512,2,w3,,,
82.45841999999999,1,2-3,r1,,
82.45841999999999,4,1-2,r1,,
82.45841999999999,5,2-3,r1,,
82.89171,1,j3-4,,,
82.95837,MOT_mc_stage_color_00,b-flash,,
83.22501,4,2-3,,,
83.22501,5,3-4,,,
83.55830999999999,1,4-1,rb0,,
83.55830999999999,2,3-4,,,
83.55830999999999,3,2-3,,,
83.55830999999999,4,3-4,rb0,,
83.55830999999999,5,4-1,rb0,,
83.6583,MOT_mc_stage_color_00,b-flash,,
84.05825999999999,5,1-2,,,
84.25824,4,4-1,,,
84.49154999999999,3,w3,,,
84.49154999999999,2,w4,,,
84.49154999999999,1,j1-2,,,
84.85817999999999,1,2-3,,,
84.85817999999999,4,1-2,,,
84.85817999999999,5,2-3,,,
84.92484,MOT_mc_stage_color_00,b-flash,,
85.29146999999999,1,3-4,l1,,
85.29146999999999,4,2-3,l1,,
85.29146999999999,5,3-4,l1,,
85.62477,1,4-1,lb0,,
85.62477,4,3-4,lb0,,
85.62477,5,4-1,lb0,,
86.12472,1,1-2,,,
86.12472,4,4-1,,,
86.12472,5,1-2,,,
86.42469,1,lp2,,,
86.42469,4,lp1,,,
86.42469,5,lp2,,,
86.72466,1,j2-3,,,
86.72466,2,4-1,,,
86.72466,3,3-4,,,
86.72466,4,j1-2,,,
86.72466,5,j2-3,,,
86.79132,MOT_mc_stage_color_00,b-flash,,
87.12462,1,3-4,,,
87.12462,4,2-3,,,
87.12462,5,3-4,,,
87.15795,MOT_mc_stage_color_00,y-flash,,
87.45792,1,j4-1,,,
87.45792,2,1-2,,,
87.45792,3,4-1,,,
87.45792,4,j3-4,,,
87.45792,5,j4-1,,,
87.55790999999999,MOT_mc_stage_color_00,b-flash,,
88.02453,MOT_control_all,zoom34,,
88.02453,1,,,,D20
88.02453,2,,,,L0
88.02453,3,,,,L0
88.02453,4,,,,D20
88.02453,5,,,,D20
88.02453,1,sort,-300,
88.02453,4,sort,-300,
88.02453,5,sort,-300,
88.02453,1,1-2,,b0,
88.02453,2,2-3,,f1,
88.02453,3,1-2,,f1,
88.02453,4,4-1,,b0,
88.02453,5,1-2,,b0,
88.15785,MOT_mc_stage_color_00,r-flash,,
88.45782,1,2-3,,,
88.45782,2,j3-4,,,
88.45782,3,j2-3,,,
88.45782,4,1-2,,,
88.45782,5,2-3,,,
88.72446,MOT_mc_stage_color_00,b-flash,,
88.95777,MOT_control_all,zoom35,,
88.95777,1,,,,L0
88.95777,2,,,,D20
88.95777,3,,,,D20
88.95777,4,,,,L0
88.95777,5,,,,L0
88.95777,2,sort,-300,
88.95777,3,sort,-300,
88.95777,1,3-4,,f1,
88.95777,2,4-1,,b0,
88.95777,3,3-4,,b0,
88.95777,4,2-3,,f1,
88.95777,5,3-4,,f1,
89.52438,1,j4-1,,,
89.82435,4,3-4,,,
89.82435,5,4-1,,,
89.89101,3,w4,,,
89.89101,2,w1,,,
90.19098,1,1-2,,,
90.19098,4,4-1,l1,,
90.19098,5,1-2,r1,,
90.6576,1,j2-3,,,
90.72426,MOT_mc_stage_color_00,b-flash,,
90.95756999999999,4,1-2,lb0,,
90.95756999999999,5,2-3,rb0,,
91.09089,MOT_mc_stage_color_00,y-flash,,
91.32419999999999,1,3-4,,,
91.32419999999999,2,1-2,,,
91.32419999999999,3,4-1,,,
91.32419999999999,4,2-3,,,
91.32419999999999,5,3-4,,,
91.45752,MOT_mc_stage_color_00,b-flash,,
91.79082,MOT_control_all,zoom36,,
91.79082,1,,,,D20
91.79082,2,,,,L0
91.79082,4,,,,D20
91.79082,5,,,,D20
91.79082,1,sort,-300,
91.79082,3,sort,-300,
91.79082,4,sort,-300,
91.79082,5,sort,-300,
91.79082,1,4-1,,b0,
91.79082,2,2-3,,f1,
91.79082,3,1-2,,,
91.79082,4,3-4,,b0,
91.79082,5,4-1,,b0,
92.3241,2,j3-4,,,
92.42408999999999,MOT_mc_stage_color_00,b-flash,,
92.72406,5,w1,,,
92.72406,4,w4,,,
92.72406,3,w2,,,
92.72406,1,w1,,,
92.82405,MOT_control_all,zoom37,,
92.82405,2,,,,D20
92.82405,3,,,,L0
92.82405,1,sort,-300,
92.82405,2,sort,-300,
92.82405,4,sort,-300,
92.82405,5,sort,-300,
92.82405,2,4-1,,b0,
92.82405,3,2-3,,f1,
93.324,3,j3-4,,,
93.45732,MOT_mc_stage_color_00,r-flash,,
93.75729,2,w1,,,
93.82395,MOT_control_all,zoom38,,
93.82395,2,,,,L0
93.82395,3,,,,D20
93.82395,1,sort,-300,
93.82395,3,sort,-300,
93.82395,4,sort,-300,
93.82395,5,sort,-300,
93.82395,1,1-2,,,
93.82395,2,1-2,,f1,
93.82395,3,4-1,,b0,
93.82395,4,4-1,,,
93.82395,5,1-2,,,
94.29057,2,j2-3,,,
94.45721999999999,MOT_mc_stage_color_00,b-flash,,
94.72386,MOT_control_all,zoom39,,
94.72386,2,,,,D20
94.72386,3,,,,L0
94.72386,1,sort,-300,
94.72386,2,sort,-300,
94.72386,4,sort,-300,
94.72386,5,sort,-300,
94.72386,2,3-4,,b0,
94.72386,3,1-2,,f1,
94.75719,5,w2,,,
94.75719,4,w1,,,
94.75719,1,w2,,,
95.15715,3,hj2,,,
95.42379,MOT_mc_stage_color_00,r-flash,,
95.6571,2,w4,,,
95.6571,MOT_control_all,zoom40,,
95.6571,3,,,,D20
95.6571,5,,,,L0
95.6571,1,sort,-300,
95.6571,2,sort,-300,
95.6571,3,sort,-300,
95.6571,4,sort,-300,
95.6571,1,2-3,,,
95.6571,2,4-1,,,
95.6571,3,2-3,,b0,
95.6571,4,1-2,,,
95.6571,5,2-3,,f1,
96.42369,5,3-4,,,
96.52368,MOT_mc_stage_color_00,b-flash,,
96.59034,4,w2,,,
96.59034,3,w3,,,
96.59034,2,w1,,,
96.59034,1,w3,,,
96.75699,5,j4-1,,,
97.39026,5,1-2,l1,,
97.49024999999999,MOT_mc_stage_color_00,b-flash,,
97.72355999999999,5,lp2,,,
98.3235,1,3-4,,,
98.3235,2,1-2,,,
98.3235,3,3-4,,,
98.3235,4,2-3,,,
98.3235,5,j2-3,,,
98.42349,MOT_mc_stage_color_00,r-flash,,
98.72345999999999,5,3-4,lb0,,
99.25674,4,w3,,,
99.25674,3,w4,,,
99.25674,2,w2,,,
99.25674,1,w4,,,
99.29007,5,4-1,,,
99.35673,MOT_mc_stage_color_00,b-flash,,
99.6567,MOT_control_all,zoom41,,
99.6567,2,,,,L0
99.6567,3,,,,L0
99.6567,5,,,,D20
99.6567,1,sort,-300,
99.6567,4,sort,-300,
99.6567,5,sort,-300,
99.6567,1,4-1,,,
99.6567,2,2-3,,f1,
99.6567,3,4-1,,f1,
99.6567,4,3-4,,,
99.6567,5,1-2,,b0,
100.05666,2,j3-4,,,
100.05666,3,j1-2,,,
100.22331,MOT_mc_stage_color_00,b-flash,,
100.52328,MOT_control_all,zoom42,,
100.52328,1,,,,L0
100.52328,2,,,,D20
100.52328,3,,,,D20
100.52328,4,,,,L0
100.52328,5,,,,L0
100.52328,2,sort,-300,
100.52328,3,sort,-300,
100.52328,1,1-2,,f1,
100.52328,2,4-1,,b0,
100.52328,3,2-3,,b0,
100.52328,4,4-1,,f1,
100.52328,5,2-3,,f1,
100.92323999999999,1,j2-3,,,
100.92323999999999,4,j1-2,,,
100.92323999999999,5,j3-4,,,
101.12321999999999,MOT_mc_stage_color_00,r-flash,,
101.42318999999999,MOT_control_all,zoom43,,
101.42318999999999,1,,,,D20
101.42318999999999,2,,,,L0
101.42318999999999,3,,,,L0
101.42318999999999,4,,,,D20
101.42318999999999,5,,,,D20
101.42318999999999,1,sort,-300,
101.42318999999999,4,sort,-300,
101.42318999999999,5,sort,-300,
101.42318999999999,1,3-4,,b0,
101.42318999999999,2,1-2,,f1,
101.42318999999999,3,3-4,,f1,
101.42318999999999,4,2-3,,b0,
101.42318999999999,5,4-1,,b0,
101.92313999999999,2,j2-3,,,
101.92313999999999,3,j4-1,,,
102.15644999999999,MOT_mc_stage_color_00,b-flash,,
102.35642999999999,5,w1,,,
102.35642999999999,4,w3,,,
102.35642999999999,1,w4,,,
102.42309,MOT_control_all,zoom44,,
102.42309,1,,,,L0
102.42309,2,,,,D20
102.42309,3,,,,D20
102.42309,4,,,,L0
102.42309,5,,,,L0
102.42309,2,sort,-300,
102.42309,3,sort,-300,
102.42309,1,4-1,,f1,
102.42309,2,3-4,,b0,
102.42309,3,1-2,,b0,
102.42309,4,3-4,,f1,
102.42309,5,1-2,,f1,
102.92304,1,j1-2,,,
102.92304,4,j4-1,,,
102.92304,5,j2-3,,,
103.15634999999999,MOT_mc_stage_color_00,r-flash,,
103.35633,3,w2,,,
103.35633,2,w4,,,
103.45631999999999,MOT_control_all,zoom45,,
103.45631999999999,1,,,,D20
103.45631999999999,4,,,,D20
103.45631999999999,5,,,,D20
103.45631999999999,1,2-3,,b0,
103.45631999999999,4,1-2,,b0,
103.45631999999999,5,3-4,,b0,
103.78962,2,4-1,,,
103.78962,3,2-3,,,
104.08959,1,3-4,,,
104.08959,2,1-2,,,
104.08959,3,3-4,,,
104.08959,4,2-3,,,
104.08959,5,4-1,,,
104.22291,MOT_mc_stage_color_00,b-flash,,
104.42289,1,lp4,,,
104.42289,2,lp2,,,
104.42289,3,lp4,,,
104.42289,4,lp3,,,
104.42289,5,lp1,,,
104.85618,5,j1-2,,,
105.18947999999999,MOT_mc_stage_color_00,y-flash,,
105.18947999999999,3,j4-1,,,
105.52278,1,j4-1,,,
105.85607999999999,2,j2-3,,,
105.92273999999999,5,w2,,,
106.15605,4,j3-4,,,
106.25604,3,w1,,,
106.25604,MOT_mc_stage_color_00,r-flash,,
106.58933999999999,1,w1,,,
106.58933999999999,MOT_control_all,zoom46,,
106.58933999999999,1,1-2,,,
106.58933999999999,2,3-4,,,
106.58933999999999,3,1-2,,,
106.58933999999999,4,4-1,,,
106.58933999999999,5,2-3,,,
106.65599999999999,MOT_mc_stage_color_00,b-flash,,
107.02262999999999,1,2-3,,,
107.02262999999999,4,1-2,,,
107.02262999999999,5,3-4,,,
107.15594999999999,MOT_mc_stage_color_00,b-flash,,
107.35593,2,4-1,,,
107.35593,3,2-3,,,
107.48925,MOT_mc_stage_color_00,y-flash,,
107.68923,1,j3-4,,,
107.68923,2,j1-2,,,
107.68923,3,j3-4,,,
107.82254999999999,MOT_mc_stage_color_00,r-flash,,
107.95586999999999,5,w4,,,
107.95586999999999,4,w2,,,
108.08919,1,4-1,,,
108.08919,2,2-3,,,
108.08919,3,4-1,,,
108.08919,4,2-3,,,
108.08919,5,4-1,,,
108.12252,MOT_control_all,zoom47,,
108.18918,MOT_mc_stage_color_00,b-flash,,
108.42249,1,lp1,,,
108.42249,2,lp3,,,
108.42249,3,lp1,,,
108.42249,4,lp3,,,
108.42249,5,lp1,,,
109.38906,1,sp1-2,,,
109.38906,2,sp3-4,,,
109.38906,3,sp1-2,,,
109.38906,4,sp3-4,,,
109.38906,5,sp1-2,,,
109.98899999999999,1,j2-3,,,
109.98899999999999,2,j4-1,,,
109.98899999999999,3,j2-3,,,
110.05565999999999,MOT_mc_stage_color_00,b-flash,,
110.22231,4,j4-1,,,
110.22231,5,j2-3,,,
110.42228999999999,MOT_mc_stage_color_00,r-flash,,
110.65559999999999,1,j3-4,,,
110.65559999999999,2,j1-2,,,
110.65559999999999,3,j3-4,,,
110.65559999999999,4,j1-2,,,
110.65559999999999,5,j3-4,,,
110.78891999999999,MOT_mc_stage_color_00,y-flash,,
111.72215999999999,5,w4,,,
111.72215999999999,4,w2,,,
111.72215999999999,3,w4,,,
111.72215999999999,2,w2,,,
111.72215999999999,1,w4,,,
111.85548,1,4-1,,,
111.85548,2,2-3,,,
111.85548,3,4-1,,,
111.85548,4,2-3,,,
111.85548,5,4-1,,,
111.9888,MOT_mc_stage_color_00,b-flash,,
112.18878,1,lp1,,,
112.18878,2,lp3,,,
112.18878,3,lp1,,,
112.18878,4,lp3,,,
112.18878,5,lp1,,,
112.92204,1,j1-2,,,
112.92204,4,j3-4,,,
112.92204,5,j1-2,,,
113.28867,1,2-3,,,
113.28867,2,j3-4,,,
113.28867,3,j1-2,,,
113.28867,4,4-1,,,
113.28867,5,2-3,,,
113.82195,1,3-4,l1,,
113.82195,2,4-1,l1,,
113.82195,3,2-3,l1,,
113.82195,4,1-2,l1,,
113.82195,5,3-4,l1,,
113.98859999999999,MOT_mc_stage_color_00,r-flash,,
114.68853,1,4-1,lb0,,
114.68853,2,1-2,lb0,,
114.68853,3,3-4,lb0,,
114.68853,4,2-3,lb0,,
114.68853,5,4-1,lb0,,
114.82185,MOT_mc_stage_color_00,b-flash,,
115.3218,3,4-1,,,
115.3218,5,1-2,,,
115.48845,1,1-2,,,
115.62177,4,w3,,,
115.62177,2,w2,,,
115.65509999999999,2,2-3,,,
115.65509999999999,4,3-4,,,
115.78841999999999,1,j2-3,,,
115.95506999999999,MOT_mc_stage_color_00,b-flash,,
116.12172,1,3-4,,,
116.12172,2,3-4,,,
116.12172,3,1-2,,,
116.12172,4,4-1,,,
116.12172,5,2-3,,,
116.655,1,j4-1,,,
116.655,2,j4-1,,,
116.655,3,j2-3,,,
116.655,4,j1-2,,,
116.655,5,j3-4,,,
116.82164999999999,MOT_mc_stage_color_00,y-flash,,
117.12162,4,2-3,,,
117.25493999999999,1,1-2,,,
117.25493999999999,2,1-2,,,
117.25493999999999,3,3-4,,,
117.38825999999999,5,4-1,,,
117.72156,1,j2-3,,,
117.72156,4,j3-4,,,
117.72156,5,j1-2,,,
117.78822,MOT_mc_stage_color_00,b-flash,,
118.02153,2,j2-3,,,
118.02153,3,j4-1,,,
118.15485,MOT_mc_stage_color_00,r-flash,,
118.42148999999999,1,j3-4,,,
118.42148999999999,2,j3-4,,,
118.42148999999999,3,j1-2,,,
118.42148999999999,4,j4-1,,,
118.42148999999999,5,j2-3,,,
118.52148,MOT_mc_stage_color_00,y-flash,,
118.92143999999999,1,sp4-1,,,
118.92143999999999,2,sp4-1,,,
118.92143999999999,3,sp2-3,,,
118.92143999999999,4,sp1-2,,,
118.92143999999999,5,sp3-4,,,
119.58803999999999,1,j1-2,,,
119.58803999999999,2,j1-2,,,
119.58803999999999,3,j3-4,,,
119.58803999999999,4,j2-3,,,
119.58803999999999,5,j4-1,,,
119.72135999999999,MOT_mc_stage_color_00,b-flash,,
120.02132999999999,1,2-3,r1,,
120.02132999999999,2,2-3,r1,,
120.02132999999999,3,4-1,r1,,
120.02132999999999,4,3-4,r1,,
120.02132999999999,5,1-2,r1,,
120.45461999999999,1,3-4,rb0,,
120.45461999999999,2,3-4,rb0,,
120.45461999999999,3,1-2,rb0,,
120.45461999999999,4,4-1,rb0,,
120.45461999999999,5,2-3,rb0,,
121.22121,1,j4-1,,,
121.22121,2,j4-1,,,
121.22121,3,j2-3,,,
121.22121,4,j1-2,,,
121.22121,5,j3-4,,,
121.62116999999999,1,1-2,,,
121.62116999999999,2,1-2,,,
121.62116999999999,3,3-4,,,
121.62116999999999,4,2-3,,,
121.62116999999999,5,4-1,,,
121.75448999999999,MOT_mc_stage_color_00,r-flash,,
122.02113,1,2-3,l1,,
122.02113,2,2-3,l1,,
122.02113,3,4-1,l1,,
122.02113,4,3-4,l1,,
122.02113,5,1-2,l1,,
122.45442,1,3-4,lb0,,
122.45442,2,3-4,lb0,,
122.45442,3,1-2,lb0,,
122.45442,4,4-1,lb0,,
122.45442,5,2-3,lb0,,
123.12102,2,4-1,,,
123.12102,4,1-2,,,
123.22100999999999,MOT_mc_stage_color_00,b-flash,,
123.22100999999999,1,4-1,,,
123.321,3,2-3,,,
123.321,5,3-4,,,
123.58764,1,j1-2,,,
123.58764,2,j1-2,,,
123.58764,3,j3-4,,,
123.58764,4,j2-3,,,
123.58764,5,j4-1,,,
123.65429999999999,MOT_mc_stage_color_00,y-flash,,
123.9876,1,j2-3,,,
124.15424999999999,MOT_mc_stage_color_00,b-flash,,
124.38756,1,3-4,,,
124.38756,2,j2-3,,,
124.38756,3,j4-1,,,
124.65419999999999,5,w1,,,
124.65419999999999,4,w3,,,
124.82085,1,4-1,,,
124.82085,2,3-4,,,
124.82085,3,1-2,,,
124.82085,4,j3-4,,,
124.82085,5,j1-2,,,
125.42079,1,j1-2,,,
125.42079,2,j4-1,,,
125.42079,3,j2-3,,,
125.42079,4,j4-1,,,
125.42079,5,j2-3,,,
125.48745,MOT_mc_stage_color_00,r-flash,,
125.92074,4,j1-2,,,
125.92074,5,j3-4,,,
125.9874,MOT_mc_stage_color_00,b-flash,,
126.32069999999999,2,j1-2,,,
126.32069999999999,3,j3-4,,,
126.32069999999999,4,2-3,,,
126.32069999999999,5,4-1,,,
126.42069,MOT_mc_stage_color_00,r-flash,,
126.48734999999999,1,w2,,,
126.75398999999999,1,j2-3,,,
126.75398999999999,2,2-3,,,
126.75398999999999,3,4-1,,,
126.75398999999999,4,3-4,,,
126.75398999999999,5,1-2,,,
126.88731,MOT_mc_stage_color_00,b-flash,,
127.3206,1,3-4,,,
127.3206,2,3-4,,,
127.3206,3,1-2,,,
127.3206,4,4-1,,,
127.3206,5,2-3,,,
127.45392,MOT_mc_stage_color_00,b-flash,,
127.6539,1,lp4,,,
127.6539,2,lp4,,,
127.6539,3,lp2,,,
127.6539,4,lp1,,,
127.6539,5,lp3,,,
128.12052,1,j4-1,,,
128.12052,2,j4-1,,,
128.12052,3,j2-3,,,
128.12052,4,j1-2,,,
128.12052,5,j3-4,,,
128.32049999999998,MOT_mc_stage_color_00,y-flash,,
128.58714,1,1-2,,,
128.58714,2,1-2,,,
128.58714,3,3-4,,,
128.58714,4,2-3,,,
128.58714,5,4-1,,,
129.3204,MOT_control_all,zoom48,,
129.3204,1,2-3,,,
129.3204,2,j2-3,,,
129.3204,4,j3-4,,,
129.38706,MOT_mc_stage_color_00,r-flash,,
129.38706,3,j4-1,,,
129.38706,5,j1-2,,,
130.05366,1,3-4,,,
130.05366,3,j1-2,,,
130.05366,5,j2-3,,,
130.12032,MOT_mc_stage_color_00,y-flash,,
130.12032,2,j3-4,,,
130.12032,4,j4-1,,,
130.82025,1,j4-1,,,
130.82025,2,j4-1,,,
130.82025,3,j2-3,,,
130.82025,4,j1-2,,,
130.82025,5,j3-4,,,
130.92024,MOT_mc_stage_color_00,b-flash,,
131.22020999999998,1,1-2,,,
131.22020999999998,2,1-2,,,
131.22020999999998,3,3-4,,,
131.22020999999998,4,2-3,,,
131.22020999999998,5,4-1,,,
131.35353,MOT_control_all,zoom49,,
131.38685999999998,MOT_mc_stage_color_00,b-flash,,
131.55351,1,lp2,,,
131.55351,2,lp2,,,
131.55351,3,lp4,,,
131.55351,4,lp3,,,
131.55351,5,lp1,,,
132.28677,2,sp2-3,,,
132.28677,4,sp3-4,,,
132.48675,MOT_mc_stage_color_00,y-flash,,
132.48675,1,sp2-3,,,
132.68672999999998,3,sp4-1,,,
132.68672999999998,5,sp1-2,,,
133.15335,1,j3-4,,,
133.15335,2,j3-4,,,
133.15335,3,j1-2,,,
133.25333999999998,MOT_mc_stage_color_00,b-flash,,
133.38666,4,j4-1,,,
133.38666,5,j2-3,,,
133.61997,MOT_mc_stage_color_00,y-flash,,
133.81995,1,j4-1,,,
133.81995,2,j4-1,,,
133.81995,3,j2-3,,,
133.81995,4,j1-2,,,
133.81995,5,j3-4,,,
133.85327999999998,MOT_control_all,zoom50,,
133.98659999999998,MOT_mc_stage_color_00,r-flash,,
134.88651,5,w4,,,
134.88651,4,w2,,,
134.88651,3,w3,,,
134.88651,2,w1,,,
134.88651,1,w1,,,